CUSTOMER_ID,First_Name,Last_Name,City,Phone_Number,Occupation,DOB,_silver_loaded_at
C00001,Shannon,Smith,Fergusonview,3733907715,Doctor,1916-05-05,2026-04-17T08:23:40.442Z
C00002,Adriana,Khan,Ramosborough,6519824600,Singer,1932-12-04,2026-04-17T08:23:40.442Z
C00003,Sheena,Solis,New John,4311466522,Businessman,1933-10-27,2026-04-17T08:23:40.442Z
C00004,Amy,Martinez,Joneston,6112876134,Mechanic,1900-01-01,2026-04-17T08:23:40.442Z
C00005,Unknown,Unknown,South Christine,8756770692,Repairman,1999-03-01,2026-04-17T08:23:40.442Z
C00006,Benjamin,Johnson,West Evanmouth,1402377116,Businessman,1942-04-21,2026-04-17T08:23:40.442Z
C00007,Craig,Elliott,Sanchezshire,6202263306,Construction Worker,1963-04-27,2026-04-17T08:23:40.442Z
C00008,Rebecca,Keller,South Christian,1063299332,Carpenter,1961-12-15,2026-04-17T08:23:40.442Z
C00009,Unknown,Holt,Caseytown,9923202932,Priest,1951-12-23,2026-04-17T08:23:40.442Z
C00010,Jeremy,Le,Lake Justinmouth,5032107777,Paramedic,1961-12-31,2026-04-17T08:23:40.442Z
C00011,Shannon,Rose,Youngview,5611248497,Unknown,1923-04-16,2026-04-17T08:23:40.442Z
C00012,Matthew,Guerrero,West Kristen,142570667,Train Conductor,1976-09-12,2026-04-17T08:23:40.442Z
C00013,Michael,Clark,East Maxwell,582686100,Architect,1960-11-07,2026-04-17T08:23:40.442Z
C00014,Bobby,Jones,Unknown,6257977143,Construction Worker,1926-08-02,2026-04-17T08:23:40.442Z
C00015,Wayne,Daugherty,North Morgan,5058988088,Police Officer,1961-07-01,2026-04-17T08:23:40.442Z
C00016,Sharon,Gutierrez,South Joanneland,3990712774,Unknown,1994-05-10,2026-04-17T08:23:40.442Z
C00017,Jennifer,Vasquez,South Erin,5394311250,Unknown,1983-06-02,2026-04-17T08:23:40.442Z
C00018,Howard,Lopez,East Renee,7738800649,Photographer,1939-04-01,2026-04-17T08:23:40.442Z
C00019,David,Olsen,Fordport,9096111363,Housewife,1943-12-29,2026-04-17T08:23:40.442Z
C00020,Colin,Andrews,Nguyenborough,513207155,Paramedic,1935-07-19,2026-04-17T08:23:40.442Z
C00021,Michael,Barnett,Davisport,2663819972,Pilot,1985-04-14,2026-04-17T08:23:40.442Z
C00022,Bonnie,Reynolds,Espinozahaven,3118043227,Soldier,2003-06-25,2026-04-17T08:23:40.442Z
C00023,Holly,Unknown,Kevinview,5058988088,Unknown,1964-12-14,2026-04-17T08:23:40.442Z
C00024,Bobby,Woods,Austinville,7328375552,Cameraman,1996-06-23,2026-04-17T08:23:40.442Z
C00025,Amy,Grant,Devinfurt,7217497560,Fireman,1955-12-17,2026-04-17T08:23:40.442Z
C00026,Ian,Smith,North Michael,2338754333,Unknown,1930-05-05,2026-04-17T08:23:40.442Z
C00027,Unknown,Hart,South Jacquelineburgh,3187905398,Housewife,1900-01-01,2026-04-17T08:23:40.442Z
C00028,Cynthia,Hobbs,Theodoreville,8022006537,Doorman,1944-04-10,2026-04-17T08:23:40.442Z
C00029,Laurie,Bonilla,Whitneychester,3168277850,Diver,1921-10-11,2026-04-17T08:23:40.442Z
C00030,Ryan,Caldwell,New David,9361303269,Unknown,1995-07-17,2026-04-17T08:23:40.442Z
C00031,Robert,Reed,North Kelly,9938164073,Boxer,1998-07-01,2026-04-17T08:23:40.442Z
C00032,Unknown,Unknown,Unknown,7090917820,Geisha,1957-08-09,2026-04-17T08:23:40.442Z
C00033,Unknown,Knight,Travisborough,5118215456,Professor,1970-06-02,2026-04-17T08:23:40.442Z
C00034,Gwendolyn,Martin,Morrisonmouth,6420667673,Geisha,1978-03-01,2026-04-17T08:23:40.442Z
C00035,Carol,Wolf,Mclaughlinview,596484418,Builder,1900-01-01,2026-04-17T08:23:40.442Z
C00036,Lisa,Spencer,Unknown,3813174398,Reporter,1919-04-19,2026-04-17T08:23:40.442Z
C00037,Unknown,Unknown,Abigailfort,7701386275,Journalist,1939-03-14,2026-04-17T08:23:40.442Z
C00038,Jessica,Martinez,West Anthony,5058988088,Surgeon,1982-11-07,2026-04-17T08:23:40.442Z
C00039,Katherine,Melendez,Port David,5118847617,Priest,1948-09-02,2026-04-17T08:23:40.442Z
C00040,Jason,Webster,Unknown,1622923559,Mechanic,1992-12-18,2026-04-17T08:23:40.442Z
C00041,Beth,Miller,New Laura,8183956428,Geisha,2002-08-21,2026-04-17T08:23:40.442Z
C00042,Unknown,Morgan,East Johntown,6727744668,Unknown,2003-06-19,2026-04-17T08:23:40.442Z
C00043,Justin,Anderson,South Johnathanstad,8609339016,Scientist,1975-03-04,2026-04-17T08:23:40.442Z
C00044,Unknown,Wood,West Amyfort,2060061072,Singer,1930-12-24,2026-04-17T08:23:40.442Z
C00045,Benjamin,Jones,West Benjamin,2781002995,Pirate,1927-08-22,2026-04-17T08:23:40.442Z
C00046,Daniel,Unknown,West Adam,2606968604,Unknown,1933-11-19,2026-04-17T08:23:40.442Z
C00047,Jeremiah,Johnson,New Heather,5058988088,Gardener,2002-01-14,2026-04-17T08:23:40.442Z
C00048,Michael,Williams,New Garyfurt,5058988088,Geisha,1928-11-04,2026-04-17T08:23:40.442Z
C00049,Jillian,Thornton,Frankfurt,7951077572,Police Officer,1919-09-08,2026-04-17T08:23:40.442Z
C00050,Joshua,Soto,East Bruce,5058988088,American Football Player,1984-04-02,2026-04-17T08:23:40.442Z
C00051,Eric,Jones,Port Phyllisland,2023342359,American Football Player,1976-10-02,2026-04-17T08:23:40.442Z
C00052,Emily,Holland,Unknown,3710651540,Doorman,1977-09-03,2026-04-17T08:23:40.442Z
C00053,Unknown,Mcintosh,Odonnellborough,2867928368,Housekeeper,1996-11-19,2026-04-17T08:23:40.442Z
C00054,Gina,Kim,Port Michelle,9566470744,Clown,1900-01-01,2026-04-17T08:23:40.442Z
C00055,Evan,Perez,Johnsfort,7716726253,Nurse,1987-01-17,2026-04-17T08:23:40.442Z
C00056,Daniel,Joseph,Melvinport,3014640268,Train Conductor,1992-05-28,2026-04-17T08:23:40.442Z
C00057,Megan,Carter,East Stephen,4377380822,Electrician,1912-09-18,2026-04-17T08:23:40.442Z
C00058,Christina,Richmond,Lake Lancechester,5058988088,Businessman,2001-05-22,2026-04-17T08:23:40.442Z
C00059,Whitney,Ross,Hornechester,8711390547,Pilot,1966-06-22,2026-04-17T08:23:40.442Z
C00060,Unknown,Medina,West Michelleside,5058988088,Lifeguard,1920-01-04,2026-04-17T08:23:40.442Z
C00061,Stephanie,Hall,Lake Christinefort,6240043672,Painter,1939-06-29,2026-04-17T08:23:40.442Z
C00062,Kelly,Hudson,Unknown,3066367311,Carpenter,1958-08-08,2026-04-17T08:23:40.442Z
C00063,Glenn,Munoz,East Jeremy,3939321758,Engineer,1944-03-20,2026-04-17T08:23:40.442Z
C00064,Monica,Bauer,New Andrewport,9689132773,Engineer,2000-11-12,2026-04-17T08:23:40.442Z
C00065,Unknown,Frank,Unknown,6420765259,Unknown,1917-01-15,2026-04-17T08:23:40.442Z
C00066,Jeffery,Duke,Palmerhaven,9955118751,Police Officer,1981-05-01,2026-04-17T08:23:40.442Z
C00067,Dana,Pitts,Kennethtown,4578763693,Housewife,1974-02-05,2026-04-17T08:23:40.442Z
C00068,Dennis,Anderson,Port Rachel,7605534273,Doctor,1982-10-08,2026-04-17T08:23:40.442Z
C00069,Matthew,Henderson,New Aaronchester,6800951079,Forest Ranger,1942-11-03,2026-04-17T08:23:40.442Z
C00070,Unknown,Arnold,Omarborough,7254541869,Nurse,1953-10-19,2026-04-17T08:23:40.442Z
C00071,Robert,Green,Powellstad,5632964923,Housewife,1920-04-18,2026-04-17T08:23:40.442Z
C00072,Unknown,Villarreal,Kaitlynchester,553937739,Nurse,1972-01-16,2026-04-17T08:23:40.442Z
C00073,Stacy,Roth,Jacobville,7886666795,Librarian,1949-09-23,2026-04-17T08:23:40.442Z
C00074,Brittney,Hull,Port Deannafort,5277226024,Train Conductor,1993-11-05,2026-04-17T08:23:40.442Z
C00075,Unknown,Martinez,West Sean,3220327371,Clown,1912-08-31,2026-04-17T08:23:40.442Z
C00076,Taylor,Jefferson,South Kimberly,5058988088,Professor,1947-03-30,2026-04-17T08:23:40.442Z
C00077,Ashley,Rivera,Lake Erika,8333768974,American Football Player,1981-09-24,2026-04-17T08:23:40.442Z
C00078,Adam,Bowen,Matthewland,5058988088,Scientist,1921-09-18,2026-04-17T08:23:40.442Z
C00079,John,Spears,New Joshuafurt,5795960532,Carpenter,1900-01-01,2026-04-17T08:23:40.442Z
C00080,Nicole,Williams,Kathrynside,8153937990,Geisha,1975-03-25,2026-04-17T08:23:40.442Z
C00081,Cassandra,Anderson,Walshside,2108219051,Photographer,1973-12-20,2026-04-17T08:23:40.442Z
C00082,Ashley,Reynolds,Karenstad,2307739575,Construction Worker,1998-08-30,2026-04-17T08:23:40.442Z
C00083,Dana,Mitchell,Unknown,4020962992,Detective,1926-02-05,2026-04-17T08:23:40.442Z
C00084,John,Phillips,Jeremiahberg,9865603634,Journalist,1957-05-26,2026-04-17T08:23:40.442Z
C00085,Amy,Sanchez,Hillchester,3313438454,Repairman,2003-08-18,2026-04-17T08:23:40.442Z
C00086,Robert,Taylor,South Meganland,1861864423,Unknown,1945-01-06,2026-04-17T08:23:40.442Z
C00087,Unknown,Frazier,Cindymouth,740010628,Unknown,1935-06-11,2026-04-17T08:23:40.442Z
C00088,Jose,Castillo,West Emily,9566682954,Farmer,1984-01-06,2026-04-17T08:23:40.442Z
C00089,Unknown,Rogers,South Christianmouth,9372755391,Builder,1936-11-25,2026-04-17T08:23:40.442Z
C00090,Meagan,Unknown,Tylershire,5058988088,Salesman,1900-01-01,2026-04-17T08:23:40.442Z
C00091,Robert,Unknown,Unknown,5335973910,Engineer,1982-09-20,2026-04-17T08:23:40.442Z
C00092,Shawn,Rodriguez,Solomonville,4730251072,Geisha,1975-10-20,2026-04-17T08:23:40.442Z
C00093,Tina,Moore,Ronnieberg,5101947306,Fireman,1956-10-10,2026-04-17T08:23:40.442Z
C00094,Brittany,Padilla,Johnmouth,8809642786,Pirate,1965-06-12,2026-04-17T08:23:40.442Z
C00095,Nicholas,Chavez,Santiagoland,8707896169,American Football Player,1931-09-08,2026-04-17T08:23:40.442Z
C00096,Unknown,Unknown,New Marc,2092462845,Foreman,2000-06-16,2026-04-17T08:23:40.442Z
C00097,Matthew,Bush,Unknown,3637847712,Singer,1959-03-26,2026-04-17T08:23:40.442Z
C00098,Juan,Green,North Steventown,5315720080,Pilot,1923-01-10,2026-04-17T08:23:40.442Z
C00099,Randy,Garcia,North Nathan,5087179308,Nurse,1913-06-26,2026-04-17T08:23:40.442Z
C00100,Brandi,Clark,Victoriaport,3219735158,Farmer,1900-01-01,2026-04-17T08:23:40.442Z
C00101,Anthony,Randolph,Port Justin,5505156129,Waiter,1980-09-20,2026-04-17T08:23:40.442Z
C00102,Kathryn,Griffin,Brittanytown,3014653382,Priest,1991-03-24,2026-04-17T08:23:40.442Z
C00103,Heather,Jackson,East Jameschester,5324642954,Waiter,1970-11-02,2026-04-17T08:23:40.442Z
C00104,Jasmine,Johnson,Kimberlyview,6871658803,Farmer,1940-09-26,2026-04-17T08:23:40.442Z
C00105,Jon,Unknown,Brownside,9885875169,Businessman,1956-10-02,2026-04-17T08:23:40.442Z
C00106,Angela,Hart,Unknown,5058988088,Doorman,1946-03-02,2026-04-17T08:23:40.442Z
C00107,Kristina,Myers,East Benjaminshire,5650626795,Magician,1983-03-03,2026-04-17T08:23:40.442Z
C00108,Unknown,Gonzalez,New Kenneth,5659043935,Diver,1958-06-18,2026-04-17T08:23:40.442Z
C00109,Sara,Coleman,North Brian,5357176387,Paramedic,1918-10-29,2026-04-17T08:23:40.442Z
C00110,Dana,Unknown,Shawnberg,6292949449,Flight Attendant,1923-05-01,2026-04-17T08:23:40.442Z
C00111,Evelyn,Mcgrath,Fletcherberg,7102761296,Boxer,1967-09-30,2026-04-17T08:23:40.442Z
C00112,Jodi,Unknown,Lawsonton,7900024441,Pirate,1952-09-30,2026-04-17T08:23:40.442Z
C00113,Cynthia,Carpenter,Mannside,4725349690,Gardener,1947-02-13,2026-04-17T08:23:40.442Z
C00114,Unknown,Edwards,Port Alexander,3994752874,American Football Player,1926-04-28,2026-04-17T08:23:40.442Z
C00115,Jessica,Snyder,West Margaretville,5058988088,Unknown,1977-01-22,2026-04-17T08:23:40.442Z
C00116,Unknown,Hughes,East Andrew,8266444839,Photographer,1981-05-14,2026-04-17T08:23:40.442Z
C00117,Unknown,Williams,Unknown,9063679434,Student,1996-07-06,2026-04-17T08:23:40.442Z
C00118,Unknown,Murray,Lake Daniel,1981222636,Unknown,1900-01-01,2026-04-17T08:23:40.442Z
C00119,Unknown,Unknown,New Kristinamouth,2077610923,Secretary,1995-10-15,2026-04-17T08:23:40.442Z
C00120,David,Walker,Lake Travis,6639236743,Fireman,1949-02-25,2026-04-17T08:23:40.442Z
C00121,Levi,Allen,New Davidbury,3470358437,Pilot,1924-02-22,2026-04-17T08:23:40.442Z
C00122,Kevin,Vance,South Aliciafort,427247000,Painter,1917-12-03,2026-04-17T08:23:40.442Z
C00123,Unknown,Ross,Stewartland,1261674860,Engineer,1969-04-08,2026-04-17T08:23:40.442Z
C00124,Christina,Montgomery,Amyville,5970912068,Professor,1914-10-26,2026-04-17T08:23:40.442Z
C00125,Andrea,Unknown,Yorkville,7199934291,Farmer,1925-04-17,2026-04-17T08:23:40.442Z
C00126,Molly,Thompson,Unknown,113078394,Pirate,1900-01-01,2026-04-17T08:23:40.442Z
C00127,Julie,Carpenter,Pagefurt,5058988088,Footballer,1948-08-08,2026-04-17T08:23:40.442Z
C00128,Nathan,Unknown,Taylorfort,3589071293,Photographer,1995-03-13,2026-04-17T08:23:40.442Z
C00129,Cindy,Gallegos,Jacksonborough,4571782083,Priest,1938-05-16,2026-04-17T08:23:40.442Z
C00130,Ronald,Garrison,Lake Timothyhaven,8478732272,Unknown,1958-03-15,2026-04-17T08:23:40.442Z
C00131,Bradley,Dixon,East Adamhaven,2322239140,Secretary,2001-10-20,2026-04-17T08:23:40.442Z
C00132,Christopher,Johnson,Unknown,4835472307,Dentist,1934-06-03,2026-04-17T08:23:40.442Z
C00133,Patrick,Watson,Lake Kennethmouth,1674044570,Catholic Nun,1935-07-15,2026-04-17T08:23:40.442Z
C00134,Christopher,Warren,Unknown,3257017393,Soldier,1954-10-22,2026-04-17T08:23:40.442Z
C00135,Clinton,Erickson,Scottmouth,7686743535,Singer,1936-07-27,2026-04-17T08:23:40.442Z
C00136,Erica,Diaz,Port Brianstad,7524836307,Pirate,1995-07-30,2026-04-17T08:23:40.442Z
C00137,Shane,Cole,Jenniferside,3420117240,Unknown,1912-09-13,2026-04-17T08:23:40.442Z
C00138,Nicholas,Martinez,Josephborough,5058988088,Footballer,1986-07-19,2026-04-17T08:23:40.442Z
C00139,Kimberly,Garcia,East Anthonyside,5058988088,Fireman,2003-06-16,2026-04-17T08:23:40.442Z
C00140,Mary,Collier,Lake Andrewview,9777030959,Repairman,1978-09-18,2026-04-17T08:23:40.442Z
C00141,Rodney,Freeman,Garyshire,131209842,Detective,1954-06-02,2026-04-17T08:23:40.442Z
C00142,Amanda,Unknown,New Kara,5058988088,Housewife,1977-09-21,2026-04-17T08:23:40.442Z
C00143,John,Jenkins,Shariview,1256711588,Clown,1996-10-08,2026-04-17T08:23:40.442Z
C00144,Melissa,Johnson,East Daniel,6733440725,Unknown,2000-01-08,2026-04-17T08:23:40.442Z
C00145,Unknown,Newman,Mackenzieberg,7637423518,Painter,1957-08-08,2026-04-17T08:23:40.442Z
C00146,Jonathan,Phillips,West Steve,2154386920,Singer,1917-02-03,2026-04-17T08:23:40.442Z
C00147,Ashley,Rivas,Coreyview,5396808447,Businessman,1922-05-12,2026-04-17T08:23:40.442Z
C00148,Daniel,Morrow,Port Tonyaberg,6111383880,Doorman,1953-09-03,2026-04-17T08:23:40.442Z
C00149,Brittney,Murray,Lake Marcusfurt,6220363030,Paramedic,1931-06-14,2026-04-17T08:23:40.442Z
C00150,Richard,Robles,Haydenside,4781982654,Lifeguard,1987-04-18,2026-04-17T08:23:40.442Z
C00151,Unknown,Frederick,South Davidmouth,4688569605,Footballer,1917-06-05,2026-04-17T08:23:40.442Z
C00152,Donna,Cooper,Lake Jeremiahport,3253907221,Scientist,1900-01-01,2026-04-17T08:23:40.442Z
C00153,Elijah,Graham,Ruizport,8978017504,Footballer,1921-06-12,2026-04-17T08:23:40.442Z
C00154,Maurice,Griffin,Lake Eric,678615547,Postman,1987-09-16,2026-04-17T08:23:40.442Z
C00155,Unknown,Mcintyre,West Thomasborough,4267874140,Singer,1921-05-25,2026-04-17T08:23:40.442Z
C00156,Deborah,Unknown,East Josephland,1030665645,Police Officer,1969-03-11,2026-04-17T08:23:40.442Z
C00157,Melissa,Armstrong,West Brandiside,3022218798,Pope,1932-01-21,2026-04-17T08:23:40.442Z
C00158,Hector,Smith,Wattsbury,470805826,Unknown,1965-10-11,2026-04-17T08:23:40.442Z
C00159,Cathy,Peterson,Powersport,2139730819,Salesman,1900-01-01,2026-04-17T08:23:40.442Z
C00160,Stephanie,Carter,New Anthony,7464359137,Soldier,1919-06-25,2026-04-17T08:23:40.442Z
C00161,Rachel,Ross,Unknown,4086831312,Foreman,1915-03-04,2026-04-17T08:23:40.442Z
C00162,Joann,Davis,West Claudia,1898901410,Mechanic,2001-12-14,2026-04-17T08:23:40.442Z
C00163,Wayne,Kennedy,Unknown,3784036647,Scientist,1965-04-01,2026-04-17T08:23:40.442Z
C00164,Mary,Pollard,New Jennifer,3022695282,Unknown,1954-01-12,2026-04-17T08:23:40.442Z
C00165,Kristi,Lowe,Debratown,2691607435,Cameraman,1939-03-28,2026-04-17T08:23:40.442Z
C00166,Donna,Unknown,Port Patriciafort,7529758324,Pope,1956-11-05,2026-04-17T08:23:40.442Z
C00167,Tammy,Young,East Cherylmouth,8549468110,Salesman,1900-01-01,2026-04-17T08:23:40.442Z
C00168,Alan,Bauer,Molinafort,6613973,Postman,1920-02-20,2026-04-17T08:23:40.442Z
C00169,Pamela,Fischer,Richhaven,6046511526,Businessman,1976-11-07,2026-04-17T08:23:40.442Z
C00170,Alfred,Padilla,Port Nicholas,1615683887,Clown,1918-02-11,2026-04-17T08:23:40.442Z
C00171,John,Edwards,Unknown,9178670260,Painter,1978-07-29,2026-04-17T08:23:40.442Z
C00172,Erika,Wong,Lake Margaret,4227134558,Housewife,1943-09-27,2026-04-17T08:23:40.442Z
C00173,Kenneth,Peck,Unknown,9658851981,Flight Attendant,1900-01-01,2026-04-17T08:23:40.442Z
C00174,Mary,Lawson,Timothyton,4762135561,Unknown,1925-06-22,2026-04-17T08:23:40.442Z
C00175,Oscar,Smith,Deniseport,2695926069,Journalist,1943-10-04,2026-04-17T08:23:40.442Z
C00176,Jesse,Scott,Unknown,2126165604,Librarian,1954-10-31,2026-04-17T08:23:40.442Z
C00177,Anthony,Rodriguez,New Steven,9852185350,Scientist,1981-08-05,2026-04-17T08:23:40.442Z
C00178,Rebekah,Martin,West Brendafort,2080830251,Dentist,1966-08-19,2026-04-17T08:23:40.442Z
C00179,William,Kemp,Melindahaven,7046239981,Farmer,1920-08-18,2026-04-17T08:23:40.442Z
C00180,Zachary,Hubbard,North Danielbury,3560962309,Doctor,1962-03-13,2026-04-17T08:23:40.442Z
C00181,Kenneth,Mcbride,West Angelicaville,5058988088,Geisha,1948-05-08,2026-04-17T08:23:40.442Z
C00182,Amanda,Aguilar,West Josephville,7391902150,Carpenter,1981-12-08,2026-04-17T08:23:40.442Z
C00183,Kevin,Unknown,Unknown,5058988088,Diver,1943-09-10,2026-04-17T08:23:40.442Z
C00184,Unknown,Petersen,West Jenniferfurt,5058988088,Professor,1920-05-05,2026-04-17T08:23:40.442Z
C00185,Unknown,Price,New Josehaven,8785885990,Dentist,1900-01-01,2026-04-17T08:23:40.442Z
C00186,Brian,Durham,Unknown,7863175316,Geisha,1942-06-07,2026-04-17T08:23:40.442Z
C00187,Rhonda,Williams,South Mindy,8612037256,American Football Player,1993-10-07,2026-04-17T08:23:40.442Z
C00188,Edwin,Madden,Charlesmouth,6429627597,Secretary,1962-04-15,2026-04-17T08:23:40.442Z
C00189,Jonathan,Moore,Unknown,5058988088,Flight Attendant,1994-01-28,2026-04-17T08:23:40.442Z
C00190,Sara,Miller,Melaniehaven,4334984742,Lunchroom Supervisor,1925-04-11,2026-04-17T08:23:40.442Z
C00191,Kayla,Hancock,South William,4597765439,Pirate,1922-10-01,2026-04-17T08:23:40.442Z
C00192,Kimberly,Martinez,North Morgan,6414963963,American Football Player,1900-01-01,2026-04-17T08:23:40.442Z
C00193,Ashley,Anderson,North Matthewbury,3417194722,Doorman,1974-09-17,2026-04-17T08:23:40.442Z
C00194,Christopher,Benton,Summerland,3083116317,Journalist,1971-02-10,2026-04-17T08:23:40.442Z
C00195,Tammie,Cruz,Unknown,3393812460,Businessman,1971-09-19,2026-04-17T08:23:40.442Z
C00196,Douglas,Davis,New Shawnport,9109942785,American Football Player,1928-06-05,2026-04-17T08:23:40.442Z
C00197,Randy,Brown,New Elizabethburgh,8762644168,Singer,1924-08-17,2026-04-17T08:23:40.442Z
C00198,Brett,Dillon,Stevenshire,2786486906,Train Conductor,1932-04-04,2026-04-17T08:23:40.442Z
C00199,Karen,Davis,Ellenhaven,1253672122,Gardener,1925-07-19,2026-04-17T08:23:40.442Z
C00200,Dennis,White,Lake Mark,1566286207,Flight Attendant,1995-08-23,2026-04-17T08:23:40.442Z
C00201,Elijah,Stone,New Christophertown,5613008899,Construction Worker,1954-07-23,2026-04-17T08:23:40.442Z
C00202,Raymond,Hill,North Ashley,3839502196,Pilot,1961-11-06,2026-04-17T08:23:40.442Z
C00203,Aimee,Spence,Raymondside,3557982575,Unknown,2005-06-19,2026-04-17T08:23:40.442Z
C00204,Jason,Hoffman,North Karenchester,5058988088,Police Officer,1973-09-05,2026-04-17T08:23:40.442Z
C00205,Maria,Leblanc,West Kyleshire,9152354233,Doorman,1920-05-03,2026-04-17T08:23:40.442Z
C00206,Unknown,Brown,South Erin,7662262372,Construction Worker,1929-11-01,2026-04-17T08:23:40.442Z
C00207,Teresa,Hall,Lake Holly,843313040,Fireman,1971-07-02,2026-04-17T08:23:40.442Z
C00208,Andrew,Maldonado,New Williamport,3629321006,Foreman,1929-10-10,2026-04-17T08:23:40.442Z
C00209,Unknown,White,Lake Thomas,7845963408,Forest Ranger,1946-12-08,2026-04-17T08:23:40.442Z
C00210,Cory,Vasquez,Thomasmouth,5058988088,Carpenter,2000-03-30,2026-04-17T08:23:40.442Z
C00211,Tracey,Johnson,South Dustin,5058988088,Housekeeper,1900-01-01,2026-04-17T08:23:40.442Z
C00212,Jessica,Turner,West Robertborough,8224767749,Mechanic,2000-11-20,2026-04-17T08:23:40.442Z
C00213,Stephanie,Unknown,Michaelbury,1461047513,Pilot,2002-08-09,2026-04-17T08:23:40.442Z
C00214,Christina,Wyatt,Meadowsfurt,9731077517,Salesman,1949-11-26,2026-04-17T08:23:40.442Z
C00215,Kristina,Ramirez,Lake Christina,8698141827,Painter,1988-02-27,2026-04-17T08:23:40.442Z
C00216,Dawn,Unknown,Rogertown,8419746030,Construction Worker,1924-08-03,2026-04-17T08:23:40.442Z
C00217,Christian,Elliott,West Jessicachester,8895151575,Unknown,1900-01-01,2026-04-17T08:23:40.442Z
C00218,Judith,Manning,West Joelchester,8272325382,Detective,1999-12-21,2026-04-17T08:23:40.442Z
C00219,Miguel,Thomas,Georgemouth,5058988088,Unknown,1926-03-03,2026-04-17T08:23:40.442Z
C00220,Amanda,Holmes,New Kevin,970432168,Journalist,1995-03-31,2026-04-17T08:23:40.442Z
C00221,Unknown,Church,Brianport,5629785432,Nurse,1976-07-19,2026-04-17T08:23:40.442Z
C00222,Carolyn,Conley,Robertland,3624337155,Engineer,1948-02-29,2026-04-17T08:23:40.442Z
C00223,Amy,Heath,Unknown,1955320301,Unknown,1900-01-01,2026-04-17T08:23:40.442Z
C00224,Robert,Lambert,West Jeff,2802118938,Scientist,1932-05-27,2026-04-17T08:23:40.442Z
C00225,Alicia,Campbell,Davidchester,3364051752,Librarian,1900-01-01,2026-04-17T08:23:40.442Z
C00226,April,Gilbert,Unknown,4425271973,Lifeguard,1957-03-01,2026-04-17T08:23:40.442Z
C00227,Julie,Johnson,Lake Michaelborough,8489733146,Reporter,1925-09-03,2026-04-17T08:23:40.442Z
C00228,Christopher,Brown,Paultown,9058719935,Pilot,1996-12-01,2026-04-17T08:23:40.442Z
C00229,Unknown,Unknown,Unknown,737827368,Lunchroom Supervisor,1987-07-10,2026-04-17T08:23:40.442Z
C00230,William,Stanley,Glennhaven,2573626197,Magician,1947-11-14,2026-04-17T08:23:40.442Z
C00231,Diana,Taylor,Unknown,5821189260,Unknown,1949-02-16,2026-04-17T08:23:40.442Z
C00232,Mark,Chung,Unknown,117578033,Engineer,1958-11-12,2026-04-17T08:23:40.442Z
C00233,Mary,Johnson,Johnsonhaven,5058988088,Pilot,1965-05-14,2026-04-17T08:23:40.442Z
C00234,Jamie,Brown,Unknown,6608535827,Pope,1955-08-31,2026-04-17T08:23:40.442Z
C00235,William,King,South Emily,5058988088,Surgeon,1993-03-27,2026-04-17T08:23:40.442Z
C00236,Adam,Kelly,Marquezmouth,1487378737,Gardener,1945-05-01,2026-04-17T08:23:40.442Z
C00237,Ronald,Martin,Westville,2060319841,Singer,2005-02-16,2026-04-17T08:23:40.442Z
C00238,Casey,Stout,Derekstad,1740126126,Librarian,1948-07-17,2026-04-17T08:23:40.442Z
C00239,Jason,Glass,Foleymouth,2646295795,Nurse,1900-01-01,2026-04-17T08:23:40.442Z
C00240,Jason,Jones,Port Robert,7067732921,Architect,1932-03-21,2026-04-17T08:23:40.442Z
C00241,Unknown,Hart,Mirandaberg,3729137404,Lunchroom Supervisor,1998-04-25,2026-04-17T08:23:40.442Z
C00242,John,Pitts,East Yesenia,5982200746,Painter,1962-11-26,2026-04-17T08:23:40.442Z
C00243,April,Wheeler,North Jasonstad,9543100686,Painter,1900-01-01,2026-04-17T08:23:40.442Z
C00244,Johnny,Unknown,East Kimville,8798188487,Cameraman,1968-10-24,2026-04-17T08:23:40.442Z
C00245,Trevor,Cole,Alvarezfurt,5566057830,Student,1956-05-23,2026-04-17T08:23:40.442Z
C00246,Michael,Carpenter,Unknown,5548908314,Photographer,1991-11-22,2026-04-17T08:23:40.442Z
C00247,Jennifer,Koch,Dixonfort,9758183321,Paramedic,1996-02-19,2026-04-17T08:23:40.442Z
C00248,Robert,Bowman,Lake Scott,6440214744,Flight Attendant,1965-11-07,2026-04-17T08:23:40.442Z
C00249,Kim,Pope,New Jeremy,1825253384,Priest,1980-05-12,2026-04-17T08:23:40.442Z
C00250,Margaret,Gray,Port Jennifer,3466058300,Unknown,1990-05-15,2026-04-17T08:23:40.442Z
C00251,Jessica,Price,Jacobstad,4486157436,Soldier,1946-07-05,2026-04-17T08:23:40.442Z
C00252,Sarah,Turner,Patrickhaven,8884387383,Dentist,1972-06-14,2026-04-17T08:23:40.442Z
C00253,Michelle,Hill,Kennethfort,1030881637,Nurse,1965-08-12,2026-04-17T08:23:40.442Z
C00254,Stephen,Jones,Huffmanchester,7223417558,Priest,2005-01-30,2026-04-17T08:23:40.442Z
C00255,Heather,Cox,East Sydney,5991451624,Housekeeper,1923-08-27,2026-04-17T08:23:40.442Z
C00256,Victor,Duncan,Jamietown,2758839155,Footballer,1955-12-22,2026-04-17T08:23:40.442Z
C00257,Douglas,Thompson,Paulbury,5796348150,Architect,2005-05-01,2026-04-17T08:23:40.442Z
C00258,Amanda,Phillips,Geraldstad,3015188479,Librarian,1979-11-28,2026-04-17T08:23:40.442Z
C00259,Lisa,Hays,Unknown,4390914359,Architect,1963-01-02,2026-04-17T08:23:40.442Z
C00260,Unknown,Harrison,Austinfurt,5058988088,Architect,1993-09-29,2026-04-17T08:23:40.442Z
C00261,Michael,Fuentes,Lake Elizabethshire,2505311624,Journalist,1900-01-01,2026-04-17T08:23:40.442Z
C00262,Brittney,Kelly,Bowmanton,3705554737,Unknown,1973-10-25,2026-04-17T08:23:40.442Z
C00263,Jenna,Collins,Jasonchester,8823760819,Carpenter,1998-03-04,2026-04-17T08:23:40.442Z
C00264,Dan,Patel,East Melvin,3523014813,Magician,1991-12-02,2026-04-17T08:23:40.442Z
C00265,Michelle,Buckley,East Craig,6688079632,Fireman,1970-11-11,2026-04-17T08:23:40.442Z
C00266,Robert,Shepard,East Charleston,5058988088,Gardener,1917-10-06,2026-04-17T08:23:40.442Z
C00267,Melissa,Hill,South Staceyfurt,5058988088,Scientist,2003-02-19,2026-04-17T08:23:40.442Z
C00268,Mathew,Nunez,Alisonhaven,5022907095,Soldier,1931-08-07,2026-04-17T08:23:40.442Z
C00269,Ronald,Morales,Heatherfurt,6149670426,Unknown,1971-10-24,2026-04-17T08:23:40.442Z
C00270,Kathleen,Owens,Kevinton,1411267125,Forest Ranger,1984-11-23,2026-04-17T08:23:40.442Z
C00271,Andrew,Hamilton,Mitchellside,7712380526,Unknown,1945-01-17,2026-04-17T08:23:40.442Z
C00272,Shawn,Peterson,Zhangmouth,6430605378,Construction Worker,1939-06-09,2026-04-17T08:23:40.442Z
C00273,Kevin,Unknown,Barnestown,532571130,Housewife,1999-04-29,2026-04-17T08:23:40.442Z
C00274,Amy,Heath,Gutierrezport,3866368715,Architect,1982-03-06,2026-04-17T08:23:40.442Z
C00275,Dakota,Unknown,South Alexandra,175195629,Unknown,1917-07-29,2026-04-17T08:23:40.442Z
C00276,Patricia,Parker,Lawsonview,3511066746,Pirate,1993-01-08,2026-04-17T08:23:40.442Z
C00277,Robert,Stanton,Lake Loritown,7727874360,Electrician,1987-06-06,2026-04-17T08:23:40.442Z
C00278,Janet,Jones,Elizabethside,2729508216,Gardener,1912-10-18,2026-04-17T08:23:40.442Z
C00279,Abigail,Mason,Port Kellyville,2667384462,Salesman,1965-09-16,2026-04-17T08:23:40.442Z
C00280,Jessica,Simpson,Karenburgh,6807394825,Journalist,1925-12-22,2026-04-17T08:23:40.442Z
C00281,Theresa,Cowan,East Melindastad,2567310483,Detective,1930-09-09,2026-04-17T08:23:40.442Z
C00282,Ryan,Walker,New Raymond,724395763,Student,1925-06-15,2026-04-17T08:23:40.442Z
C00283,Sandra,Kaiser,East Benjaminhaven,582413091,Gardener,2000-04-21,2026-04-17T08:23:40.442Z
C00284,Ebony,Rivera,Jenkinsside,6943386704,Pope,1900-01-01,2026-04-17T08:23:40.442Z
C00285,Jason,Hayes,Alisonton,7059789533,Student,1900-01-01,2026-04-17T08:23:40.442Z
C00286,Eric,Unknown,Rossport,4764623430,Surgeon,1927-06-05,2026-04-17T08:23:40.442Z
C00287,Samantha,Phillips,Lake Andrewburgh,4745838383,Magician,1940-09-21,2026-04-17T08:23:40.442Z
C00288,Jane,Caldwell,South Anna,8228813556,Housewife,1971-02-27,2026-04-17T08:23:40.442Z
C00289,Connie,Malone,West Kelly,5269121123,Reporter,1969-09-29,2026-04-17T08:23:40.442Z
C00290,Andrea,King,Smithmouth,1721756609,Scientist,1978-12-20,2026-04-17T08:23:40.442Z
C00291,Michelle,Hogan,Alvarezport,3836455359,Businessman,1921-10-18,2026-04-17T08:23:40.442Z
C00292,Unknown,Hanson,Melaniechester,2183404967,Repairman,1972-12-20,2026-04-17T08:23:40.442Z
C00293,Christina,Cantu,Kellytown,806318448,Detective,1900-01-01,2026-04-17T08:23:40.442Z
C00294,Kevin,Pineda,South Omarshire,5058988088,Gardener,1951-07-03,2026-04-17T08:23:40.442Z
C00295,Sarah,Bowen,Unknown,1117575951,Detective,1913-09-28,2026-04-17T08:23:40.442Z
C00296,Unknown,Johnson,Bellshire,5058988088,Surgeon,1931-04-24,2026-04-17T08:23:40.442Z
C00297,Crystal,Hill,Fernandezfurt,4195547802,Pirate,1900-01-01,2026-04-17T08:23:40.442Z
C00298,Unknown,Klein,Xavierborough,1970797275,Repairman,1961-04-15,2026-04-17T08:23:40.442Z
C00299,Kaitlyn,White,Richardport,5815643798,Diver,1975-12-09,2026-04-17T08:23:40.442Z
C00300,Daniel,Diaz,New Rachelhaven,8335343919,Soldier,1943-03-18,2026-04-17T08:23:40.442Z
C00301,Lisa,Knox,Baxterside,6760489292,Fireman,1994-08-18,2026-04-17T08:23:40.442Z
C00302,Dustin,Anderson,New Daniellebury,3915362835,Surgeon,1900-01-01,2026-04-17T08:23:40.442Z
C00303,Unknown,Allen,Port Gregorychester,9570444045,Cameraman,1931-10-11,2026-04-17T08:23:40.442Z
C00304,Unknown,Johnson,Port Janet,6485293178,Foreman,1930-09-05,2026-04-17T08:23:40.442Z
C00305,John,Unknown,South Matthewport,6352869747,Secretary,1992-07-30,2026-04-17T08:23:40.442Z
C00306,Darryl,English,Unknown,4042422976,Doorman,1936-11-20,2026-04-17T08:23:40.442Z
C00307,Daniel,Morrison,North Joshuahaven,4161730709,Architect,1961-07-25,2026-04-17T08:23:40.442Z
C00308,Christopher,Mcpherson,Johnsonmouth,6363030299,Pilot,1952-01-11,2026-04-17T08:23:40.442Z
C00309,Unknown,Mcgee,New Janetchester,2663056070,Waiter,1919-05-16,2026-04-17T08:23:40.442Z
C00310,Melody,Boyd,Port Theresa,6585301229,Fireman,1938-01-18,2026-04-17T08:23:40.442Z
C00311,Allison,Moody,West Brittany,1585087918,Forest Ranger,1900-01-01,2026-04-17T08:23:40.442Z
C00312,Edgar,Sullivan,North Trevorland,5058988088,Reporter,1998-07-27,2026-04-17T08:23:40.442Z
C00313,Michael,Lee,West Justin,2968908184,Pirate,1938-11-27,2026-04-17T08:23:40.442Z
C00314,Unknown,Hall,East William,4598574888,Unknown,1948-11-13,2026-04-17T08:23:40.442Z
C00315,Dorothy,Riley,Baldwinfurt,9269405730,Detective,1970-11-22,2026-04-17T08:23:40.442Z
C00316,Robin,Baird,Gonzalezbury,5058988088,Construction Worker,1963-02-07,2026-04-17T08:23:40.442Z
C00317,Michael,Nelson,Petersonstad,5492870853,Housekeeper,1962-07-11,2026-04-17T08:23:40.442Z
C00318,Jordan,Scott,West Susan,6630362669,Lunchroom Supervisor,1983-12-22,2026-04-17T08:23:40.442Z
C00319,Unknown,Shields,Stewartview,4304659481,Scientist,1957-08-18,2026-04-17T08:23:40.442Z
C00320,Jeffrey,Lamb,East Yolandamouth,2315976562,Soldier,1935-04-20,2026-04-17T08:23:40.442Z
C00321,Sarah,Unknown,East Nicoleport,20365483,Housewife,1952-05-01,2026-04-17T08:23:40.442Z
C00322,Deborah,Anderson,Stewartburgh,1874137261,Unknown,1942-02-28,2026-04-17T08:23:40.442Z
C00323,Jose,Brown,New Tanyatown,3428799003,Farmer,1982-12-23,2026-04-17T08:23:40.442Z
C00324,Marissa,Cain,Alvarezborough,1620042445,Salesman,1968-01-11,2026-04-17T08:23:40.442Z
C00325,Kaitlyn,Williams,Rachaelton,916595928,Construction Worker,1978-02-10,2026-04-17T08:23:40.442Z
C00326,Jason,Hahn,Dylanhaven,6823954003,Secretary,1990-03-23,2026-04-17T08:23:40.442Z
C00327,Christine,Blackwell,Castanedaport,7283247304,Secretary,1900-01-01,2026-04-17T08:23:40.442Z
C00328,Angela,Anderson,Ronaldside,8953160910,Journalist,1977-01-21,2026-04-17T08:23:40.442Z
C00329,Kathryn,Mayer,New Tiffanyburgh,7610043632,Student,1988-05-10,2026-04-17T08:23:40.442Z
C00330,Amanda,Frye,Port Derrickmouth,7788297347,Repairman,1970-08-21,2026-04-17T08:23:40.442Z
C00331,Amanda,Heath,Jensenfurt,839163788,Electrician,1994-12-21,2026-04-17T08:23:40.442Z
C00332,Danny,Leonard,Rodriguezchester,977319719,Priest,1970-01-07,2026-04-17T08:23:40.442Z
C00333,Amber,Salazar,Pruittview,1477278303,Priest,1987-12-10,2026-04-17T08:23:40.442Z
C00334,Brandon,Baker,Patrickburgh,2429795745,Gardener,1953-06-19,2026-04-17T08:23:40.442Z
C00335,Cindy,Luna,Robertmouth,2076871615,Waiter,1900-01-01,2026-04-17T08:23:40.442Z
C00336,Linda,Nolan,Wardstad,9671638007,Repairman,1900-01-01,2026-04-17T08:23:40.442Z
C00337,Paul,Rodgers,Unknown,61987844,Unknown,1969-12-01,2026-04-17T08:23:40.442Z
C00338,Unknown,Simpson,New Patrick,2436845484,Businessman,1998-01-14,2026-04-17T08:23:40.442Z
C00339,Kristy,Porter,Hannahville,4622147305,Geisha,1931-11-10,2026-04-17T08:23:40.442Z
C00340,Unknown,Moore,Unknown,7157634986,Magician,1968-07-26,2026-04-17T08:23:40.442Z
C00341,Jacob,Johnson,Cookland,5058988088,Pilot,1987-05-18,2026-04-17T08:23:40.442Z
C00342,Heather,Payne,Martinezborough,5058988088,Clown,1963-07-23,2026-04-17T08:23:40.442Z
C00343,Connie,Gordon,Hurleyshire,1792249099,Pilot,1934-01-11,2026-04-17T08:23:40.442Z
C00344,Kelly,Young,North Phillipbury,8976125426,Housekeeper,1928-09-29,2026-04-17T08:23:40.442Z
C00345,Timothy,Boyd,Coleshire,3809446008,Salesman,1965-02-14,2026-04-17T08:23:40.442Z
C00346,Lisa,Jimenez,West Codyburgh,2118218171,Magician,1900-01-01,2026-04-17T08:23:40.442Z
C00347,Katherine,Bailey,Unknown,5229588834,Clown,1950-11-02,2026-04-17T08:23:40.442Z
C00348,Helen,Brown,Greenburgh,8935004817,Detective,1900-01-01,2026-04-17T08:23:40.442Z
C00349,Desiree,Gardner,Stanleyhaven,1712756397,Unknown,2001-02-04,2026-04-17T08:23:40.442Z
C00350,Ryan,Wallace,Kimberlytown,5058988088,Lunchroom Supervisor,1982-11-28,2026-04-17T08:23:40.442Z
C00351,Anthony,Perkins,New Stanley,6812170094,Unknown,2001-01-19,2026-04-17T08:23:40.442Z
C00352,David,Wilson,North Scott,517053386,Student,1922-08-01,2026-04-17T08:23:40.442Z
C00353,David,Johnson,East Jacqueline,2317218982,Police Officer,1980-02-03,2026-04-17T08:23:40.442Z
C00354,Melissa,Unknown,South Angelatown,533734490,Lifeguard,1972-01-09,2026-04-17T08:23:40.442Z
C00355,William,Walker,New Jameschester,4690836855,Fireman,1941-05-12,2026-04-17T08:23:40.442Z
C00356,Unknown,Smith,Port Davidbury,7285172007,Unknown,1921-02-19,2026-04-17T08:23:40.442Z
C00357,Catherine,Lee,Rodriguezfurt,4700285260,Cameraman,1919-02-23,2026-04-17T08:23:40.442Z
C00358,William,Miles,Unknown,7311851154,Businessman,1900-01-01,2026-04-17T08:23:40.442Z
C00359,Paul,Unknown,South Christian,579965191,Carpenter,1961-11-11,2026-04-17T08:23:40.442Z
C00360,Arthur,Randall,Jonmouth,5869179920,Repairman,1928-01-05,2026-04-17T08:23:40.442Z
C00361,Theresa,Hall,Hebertmouth,1753316846,Lunchroom Supervisor,1930-08-29,2026-04-17T08:23:40.442Z
C00362,Joyce,Rivera,Ryanberg,2961312389,Housewife,1980-08-08,2026-04-17T08:23:40.442Z
C00363,Haley,Unknown,Smithmouth,5613206962,Secretary,1943-07-26,2026-04-17T08:23:40.442Z
C00364,Christine,Davis,East Russell,1814090478,Geisha,1936-12-14,2026-04-17T08:23:40.442Z
C00365,Unknown,Martinez,New Christopher,7923559230,Architect,1938-12-24,2026-04-17T08:23:40.442Z
C00366,Emily,Clark,Johnsonburgh,5016491038,Mechanic,1915-04-25,2026-04-17T08:23:40.442Z
C00367,William,Carson,New Kelsey,1373796429,Professor,1925-04-06,2026-04-17T08:23:40.442Z
C00368,Jessica,Miles,South Bethany,4244961209,Farmer,2002-09-18,2026-04-17T08:23:40.442Z
C00369,Jennifer,Bartlett,Hunterberg,9219683019,Pirate,1963-11-22,2026-04-17T08:23:40.442Z
C00370,Eric,Mcguire,New Christopher,4647185819,Paramedic,1937-09-03,2026-04-17T08:23:40.442Z
C00371,Unknown,Wu,North Heathermouth,827775448,Farmer,1942-12-14,2026-04-17T08:23:40.442Z
C00372,Unknown,Webb,Garciaport,9650640150,Clown,1900-01-01,2026-04-17T08:23:40.442Z
C00373,Ann,Unknown,North Denise,2992115599,Footballer,1922-10-31,2026-04-17T08:23:40.442Z
C00374,Unknown,Morse,Martinside,5058988088,Housewife,1989-07-21,2026-04-17T08:23:40.442Z
C00375,Eduardo,Stevenson,Garciahaven,113849499,Gardener,1927-12-06,2026-04-17T08:23:40.442Z
C00376,Mary,Strong,New Amanda,428914589,Lunchroom Supervisor,1947-01-15,2026-04-17T08:23:40.442Z
C00377,Unknown,Morris,New Emilyberg,8715816993,Paramedic,1967-06-15,2026-04-17T08:23:40.442Z
C00378,Unknown,Hernandez,West Heatherberg,7725428977,Carpenter,1946-08-04,2026-04-17T08:23:40.442Z
C00379,Unknown,Glover,Gonzalezmouth,5058988088,Pilot,1940-02-28,2026-04-17T08:23:40.442Z
C00380,Cody,Unknown,New Nathanielfort,9135794326,Housewife,1936-11-08,2026-04-17T08:23:40.442Z
C00381,Kim,White,Lake Deanna,4975019101,Train Conductor,1943-08-26,2026-04-17T08:23:40.442Z
C00382,Juan,Unknown,Bishopview,7557102463,Housekeeper,1939-09-28,2026-04-17T08:23:40.442Z
C00383,Jacqueline,Hughes,Andrewtown,7704166729,Pope,1936-12-25,2026-04-17T08:23:40.442Z
C00384,Michael,Gardner,North Megan,5058988088,Geisha,1998-08-07,2026-04-17T08:23:40.442Z
C00385,Johnathan,Shah,North Jonathantown,300181748,Foreman,1987-04-18,2026-04-17T08:23:40.442Z
C00386,April,Thompson,Lake Cathyfurt,8582075239,Police Officer,1979-02-28,2026-04-17T08:23:40.442Z
C00387,Daniel,Andrade,Wangland,4853452576,Scientist,1937-08-09,2026-04-17T08:23:40.442Z
C00388,Andrew,Stewart,South Travishaven,4801860925,Foreman,1957-12-08,2026-04-17T08:23:40.442Z
C00389,David,Bailey,Ericburgh,1254555445,Lunchroom Supervisor,1946-12-14,2026-04-17T08:23:40.442Z
C00390,Unknown,Patrick,Kristinafort,8791210750,Librarian,1923-05-14,2026-04-17T08:23:40.442Z
C00391,Paul,Welch,South Jeffery,8337615786,Nurse,1977-04-02,2026-04-17T08:23:40.442Z
C00392,Kyle,Phillips,Reesefurt,9215837431,Lunchroom Supervisor,1976-12-10,2026-04-17T08:23:40.442Z
C00393,Laura,Martinez,West Brittany,9590808224,Unknown,1969-09-19,2026-04-17T08:23:40.442Z
C00394,Yolanda,Davis,New Jesseburgh,5301657129,Flight Attendant,1958-06-12,2026-04-17T08:23:40.442Z
C00395,Julie,Jenkins,West Amy,9687649028,Construction Worker,1914-05-13,2026-04-17T08:23:40.442Z
C00396,Carlos,Pearson,West Ann,500291475,Forest Ranger,1950-09-28,2026-04-17T08:23:40.442Z
C00397,Nicole,Jimenez,North Mary,7962789867,Librarian,1981-01-23,2026-04-17T08:23:40.442Z
C00398,Anthony,Brooks,South Johnny,4075913363,Pope,1959-09-13,2026-04-17T08:23:40.442Z
C00399,Gina,Bowen,New Lisa,1621923623,Pope,1916-08-14,2026-04-17T08:23:40.442Z
C00400,Angel,Cervantes,Timothyton,4241396689,Soldier,1930-05-08,2026-04-17T08:23:40.442Z
C00401,Unknown,Bailey,Wardport,5058988088,Pilot,1913-04-10,2026-04-17T08:23:40.442Z
C00402,Judith,Bell,Garciafurt,3326885522,Paramedic,1928-12-14,2026-04-17T08:23:40.442Z
C00403,Linda,Cummings,Lake Veronicahaven,2944287576,Boxer,1948-03-08,2026-04-17T08:23:40.442Z
C00404,Ronald,Higgins,South Matthew,6920132441,Flight Attendant,1969-06-23,2026-04-17T08:23:40.442Z
C00405,Matthew,Porter,East Timothyborough,2368546641,Unknown,1918-09-03,2026-04-17T08:23:40.442Z
C00406,Autumn,Osborne,Port Lisa,5058988088,Catholic Nun,2000-07-06,2026-04-17T08:23:40.442Z
C00407,Bethany,Price,Justinfurt,3260661935,Foreman,1934-01-28,2026-04-17T08:23:40.442Z
C00408,Kevin,Bolton,South Elizabethberg,7583681882,Unknown,1932-07-02,2026-04-17T08:23:40.442Z
C00409,Samuel,Camacho,Ryanstad,5058988088,Salesman,1900-01-01,2026-04-17T08:23:40.442Z
C00410,Julie,Tanner,Williamberg,5784632540,Carpenter,1989-06-21,2026-04-17T08:23:40.442Z
C00411,Carl,Leblanc,Port Johnfurt,641680593,Detective,1961-10-13,2026-04-17T08:23:40.442Z
C00412,Tracy,Warren,East Elizabeth,2030376433,Builder,1924-09-06,2026-04-17T08:23:40.442Z
C00413,Herbert,Cox,Masseyland,9533493632,Mechanic,1995-12-17,2026-04-17T08:23:40.442Z
C00414,Michael,Jones,New Christopher,6552877610,Diver,1943-12-29,2026-04-17T08:23:40.442Z
C00415,Patricia,George,North Ashley,5771314890,Housekeeper,1930-03-20,2026-04-17T08:23:40.442Z
C00416,Christopher,Miller,Chasemouth,3737477163,Geisha,1980-10-31,2026-04-17T08:23:40.442Z
C00417,Kimberly,Martinez,Unknown,5058988088,Cameraman,1927-01-30,2026-04-17T08:23:40.442Z
C00418,Kenneth,Smith,Unknown,781191246,Unknown,1979-04-26,2026-04-17T08:23:40.442Z
C00419,Walter,Turner,New Nicoleborough,434291872,Magician,1925-01-05,2026-04-17T08:23:40.442Z
C00420,Sarah,Contreras,Unknown,575879643,Unknown,2005-05-13,2026-04-17T08:23:40.442Z
C00421,Nathaniel,Graham,North Maryfort,2298897259,Reporter,1900-01-01,2026-04-17T08:23:40.442Z
C00422,Jennifer,Petty,Port Reneebury,5936409861,Postman,2003-01-03,2026-04-17T08:23:40.442Z
C00423,Jessica,Reid,East Josemouth,8488759932,Scientist,1969-03-01,2026-04-17T08:23:40.442Z
C00424,Steven,Conley,North Kelly,4377097359,Singer,1900-01-01,2026-04-17T08:23:40.442Z
C00425,Crystal,Wilkerson,West Kathryn,1296438507,Surgeon,1952-11-02,2026-04-17T08:23:40.442Z
C00426,Emily,Deleon,Diazfort,5952291483,Architect,1913-08-30,2026-04-17T08:23:40.442Z
C00427,David,Carpenter,Robersonfurt,1377081512,Farmer,1980-05-25,2026-04-17T08:23:40.442Z
C00428,Stephanie,Willis,Sanchezside,4457758425,Soldier,1957-07-01,2026-04-17T08:23:40.442Z
C00429,Heather,Ortiz,Wallerfurt,6217981866,Lunchroom Supervisor,1916-02-05,2026-04-17T08:23:40.442Z
C00430,Samantha,Mata,Lake Brettland,7617077111,Footballer,1922-06-15,2026-04-17T08:23:40.442Z
C00431,Peter,Martinez,Geraldtown,1272345448,Surgeon,1958-01-06,2026-04-17T08:23:40.442Z
C00432,Rhonda,Walker,Port Julie,1734927373,Pilot,1977-10-08,2026-04-17T08:23:40.442Z
C00433,Diana,Proctor,Espinozaland,5058988088,Unknown,1929-07-01,2026-04-17T08:23:40.442Z
C00434,Pamela,Schultz,Smithland,9121104329,Architect,1974-08-18,2026-04-17T08:23:40.442Z
C00435,David,Harper,Ochoaburgh,7836325034,Priest,1944-08-24,2026-04-17T08:23:40.442Z
C00436,Courtney,Thomas,Fieldsside,2089542570,Doctor,2003-04-21,2026-04-17T08:23:40.442Z
C00437,Unknown,Riley,Reyesmouth,8540373501,Scientist,1930-08-28,2026-04-17T08:23:40.442Z
C00438,Unknown,Lawson,Charlesville,5376539556,Architect,1975-06-15,2026-04-17T08:23:40.442Z
C00439,Keith,Lawson,Scottville,3054940081,Lifeguard,1968-11-14,2026-04-17T08:23:40.442Z
C00440,Suzanne,Stone,East Aaron,6415952717,Painter,1924-05-05,2026-04-17T08:23:40.442Z
C00441,Vicki,Bright,Thompsonton,4763340327,Unknown,1964-03-16,2026-04-17T08:23:40.442Z
C00442,Clifford,Jones,Thomasport,5070185511,Priest,2005-07-03,2026-04-17T08:23:40.442Z
C00443,Marilyn,Brown,West Jessica,5375254811,Unknown,1987-04-27,2026-04-17T08:23:40.442Z
C00444,Tammy,Jones,Adamstown,4134528007,Librarian,1925-06-21,2026-04-17T08:23:40.442Z
C00445,Crystal,Robles,West Christopherville,1040213599,Farmer,2003-10-10,2026-04-17T08:23:40.442Z
C00446,Michael,Unknown,Lake Andrew,6866181202,Unknown,1952-02-24,2026-04-17T08:23:40.442Z
C00447,Kyle,Morrison,Smithton,9337993173,Doorman,1950-11-06,2026-04-17T08:23:40.442Z
C00448,Sharon,Unknown,Davisshire,9365265019,Doctor,1983-09-11,2026-04-17T08:23:40.442Z
C00449,Cynthia,Unknown,Millermouth,5058988088,Fireman,1935-05-18,2026-04-17T08:23:40.442Z
C00450,Rebecca,White,Figueroaville,5437901578,Footballer,1979-02-08,2026-04-17T08:23:40.442Z
C00451,Steven,Hernandez,Unknown,1709656471,Student,1931-03-29,2026-04-17T08:23:40.442Z
C00452,Rebecca,Rodgers,Waltersbury,3095917660,Cameraman,1957-01-25,2026-04-17T08:23:40.442Z
C00453,Kenneth,Rivers,Mariafurt,9784293832,Reporter,1900-01-01,2026-04-17T08:23:40.442Z
C00454,Chelsea,Cardenas,Unknown,6857699612,Secretary,1900-01-01,2026-04-17T08:23:40.442Z
C00455,Todd,Jackson,Barronshire,6176686649,Housekeeper,1922-07-14,2026-04-17T08:23:40.442Z
C00456,Cheryl,Prince,Port Elaine,5279245007,Lifeguard,1933-11-28,2026-04-17T08:23:40.442Z
C00457,Nicholas,Parrish,Jonathanfort,1026331698,Surgeon,2001-04-24,2026-04-17T08:23:40.442Z
C00458,Rachel,Rocha,Kevinhaven,5058988088,Photographer,1957-03-04,2026-04-17T08:23:40.442Z
C00459,Randall,Rodgers,Port Gabrielmouth,5058988088,Professor,1987-09-14,2026-04-17T08:23:40.442Z
C00460,Wesley,Sexton,West Rebeccafurt,5058988088,American Football Player,1982-11-25,2026-04-17T08:23:40.442Z
C00461,Jimmy,Odom,Parkerchester,9117459685,Reporter,1932-01-21,2026-04-17T08:23:40.442Z
C00462,Michelle,Blair,East Davidstad,5058988088,Nurse,1953-11-14,2026-04-17T08:23:40.442Z
C00463,Unknown,Unknown,Unknown,545320032,Secretary,1917-01-03,2026-04-17T08:23:40.442Z
C00464,Courtney,Brewer,South Terri,7841063579,Unknown,1900-01-01,2026-04-17T08:23:40.442Z
C00465,Lawrence,Martinez,West Tylermouth,7689804459,Journalist,1982-05-09,2026-04-17T08:23:40.442Z
C00466,Jean,Kemp,Townsendfurt,8887272605,Dentist,1932-12-08,2026-04-17T08:23:40.442Z
C00467,Emily,Daugherty,West Miguel,4841898319,Housewife,1900-01-01,2026-04-17T08:23:40.442Z
C00468,Timothy,Salinas,Brownstad,5837593990,Librarian,1930-06-14,2026-04-17T08:23:40.442Z
C00469,Matthew,Cruz,Charlenechester,7947271982,Unknown,1944-07-01,2026-04-17T08:23:40.442Z
C00470,Joseph,Smith,Lake Robertfort,2538783224,Pope,1900-01-01,2026-04-17T08:23:40.442Z
C00471,Amanda,Wilson,Washingtonville,5058988088,Student,1983-10-24,2026-04-17T08:23:40.442Z
C00472,Unknown,Lambert,Burkeberg,3762229087,Electrician,1922-01-25,2026-04-17T08:23:40.442Z
C00473,Vicki,Murphy,South Annette,6687240733,Geisha,1975-07-26,2026-04-17T08:23:40.442Z
C00474,Rachel,Baker,Port John,9034335028,Painter,1969-01-20,2026-04-17T08:23:40.442Z
C00475,Colleen,Nunez,Thomasland,4260499106,Soldier,1995-03-06,2026-04-17T08:23:40.442Z
C00476,Unknown,Johnson,East Stephenbury,4827196436,Builder,1942-06-03,2026-04-17T08:23:40.442Z
C00477,Jessica,Schneider,Noahland,7715138005,Clown,2001-10-18,2026-04-17T08:23:40.442Z
C00478,Emma,Huang,North Kimberlyland,4357727039,Reporter,1968-12-12,2026-04-17T08:23:40.442Z
C00479,Melissa,Sharp,New Omarmouth,964991771,Housekeeper,1900-01-01,2026-04-17T08:23:40.442Z
C00480,Sarah,Gonzalez,Port Crystal,3513502921,Pirate,1999-03-01,2026-04-17T08:23:40.442Z
C00481,James,Sanchez,Cassandrahaven,1643209705,Geisha,1942-12-29,2026-04-17T08:23:40.442Z
C00482,Michael,Little,Sanchezshire,9491682022,Construction Worker,1938-06-07,2026-04-17T08:23:40.442Z
C00483,Andrea,Lopez,New Jamesport,1321610113,Foreman,1988-03-16,2026-04-17T08:23:40.442Z
C00484,Angela,Jackson,Port Veronicaton,928887406,Detective,1941-06-08,2026-04-17T08:23:40.442Z
C00485,Kevin,Wolfe,Vanessaville,6342038300,Gardener,1978-03-12,2026-04-17T08:23:40.442Z
C00486,Daniel,Williams,Youngmouth,5058988088,Builder,1920-10-17,2026-04-17T08:23:40.442Z
C00487,Joseph,Mitchell,Cynthiatown,2886079913,Unknown,1900-01-01,2026-04-17T08:23:40.442Z
C00488,Rebecca,Gilmore,Frazierfort,9891599632,Painter,1900-01-01,2026-04-17T08:23:40.442Z
C00489,John,Lee,Weaverberg,5058988088,Salesman,1971-02-21,2026-04-17T08:23:40.442Z
C00490,Gregory,Turner,West Howard,8849411841,Pope,1947-09-25,2026-04-17T08:23:40.442Z
C00491,Bryan,Garner,East Sueview,7405397556,Footballer,1961-03-20,2026-04-17T08:23:40.442Z
C00492,Tara,Fox,Wilsonbury,8972095296,Unknown,1953-01-07,2026-04-17T08:23:40.442Z
C00493,Jennifer,Anderson,Port Maryberg,2321313508,Police Officer,1900-01-01,2026-04-17T08:23:40.442Z
C00494,Shaun,Ortiz,Bassmouth,8205607586,Electrician,1933-08-03,2026-04-17T08:23:40.442Z
C00495,Steven,Raymond,Gonzalesmouth,9604712728,Magician,1985-02-05,2026-04-17T08:23:40.442Z
C00496,Melanie,Henderson,Meganfort,5058988088,Paramedic,1962-07-30,2026-04-17T08:23:40.442Z
C00497,Valerie,Gamble,Lake Jeanette,5058988088,Paramedic,1984-12-23,2026-04-17T08:23:40.442Z
C00498,Kristina,Jones,Knightburgh,1373840514,Architect,1943-12-22,2026-04-17T08:23:40.442Z
C00499,Sarah,King,East Kaitlynview,5058988088,Pirate,1962-11-29,2026-04-17T08:23:40.442Z
C00500,Michael,Bell,North Zachary,5058988088,Dentist,1942-04-14,2026-04-17T08:23:40.442Z
C00501,Susan,Sosa,North Daniel,4207186010,Librarian,1953-06-28,2026-04-17T08:23:40.442Z
C00502,Michael,Miller,Camposton,5789650617,Flight Attendant,1990-02-06,2026-04-17T08:23:40.442Z
C00503,Donna,Holt,Rebeccabury,9423007772,Businessman,1995-08-06,2026-04-17T08:23:40.442Z
C00504,Scott,Nelson,New Alexandershire,3797913106,Gardener,2005-08-01,2026-04-17T08:23:40.442Z
C00505,Diana,Gordon,Catherinemouth,180105469,Pilot,1956-07-01,2026-04-17T08:23:40.442Z
C00506,Tyler,Miller,Port Travis,635233828,Secretary,1931-11-13,2026-04-17T08:23:40.442Z
C00507,Matthew,Hernandez,Port Troy,2215370222,Priest,1955-04-03,2026-04-17T08:23:40.442Z
C00508,Donna,Unknown,Huntertown,8468843694,Housekeeper,1999-10-08,2026-04-17T08:23:40.442Z
C00509,Eric,Simpson,Franklinberg,8999747894,Electrician,1987-11-25,2026-04-17T08:23:40.442Z
C00510,Alyssa,Hayden,Port William,1189740112,Scientist,1985-06-22,2026-04-17T08:23:40.442Z
C00511,Justin,Smith,New Markmouth,5058988088,Magician,1949-11-22,2026-04-17T08:23:40.442Z
C00512,Matthew,Allison,South Curtis,1131520799,Carpenter,1977-03-08,2026-04-17T08:23:40.442Z
C00513,Rhonda,Thomas,Unknown,4097152110,Catholic Nun,1940-04-09,2026-04-17T08:23:40.442Z
C00514,Antonio,Wong,North Christopherland,5220560599,Police Officer,1900-01-01,2026-04-17T08:23:40.442Z
C00515,Jose,Moore,Davidville,1449680993,Mechanic,1983-06-02,2026-04-17T08:23:40.442Z
C00516,James,Davis,Brianville,5426424039,Lunchroom Supervisor,1997-12-10,2026-04-17T08:23:40.442Z
C00517,Benjamin,Carr,Unknown,2071751701,Forest Ranger,1917-04-30,2026-04-17T08:23:40.442Z
C00518,Stephanie,Mercado,Port Jenniferfurt,5058988088,Doorman,1967-09-19,2026-04-17T08:23:40.442Z
C00519,Unknown,Peterson,Unknown,6470924597,Scientist,1941-06-05,2026-04-17T08:23:40.442Z
C00520,Teresa,Nguyen,New Jeffreyton,3660132167,Surgeon,1916-08-01,2026-04-17T08:23:40.442Z
C00521,William,Schmidt,New Michael,6116664441,Carpenter,1960-06-15,2026-04-17T08:23:40.442Z
C00522,Unknown,Unknown,Mcleanfurt,5356142133,Singer,1953-06-04,2026-04-17T08:23:40.442Z
C00523,Unknown,Benitez,Shawnburgh,5058988088,Pilot,1989-11-28,2026-04-17T08:23:40.442Z
C00524,Justin,Henderson,Williamsmouth,7093183963,Businessman,1926-10-28,2026-04-17T08:23:40.442Z
C00525,Mary,Dillon,South Richardshire,807919697,Pope,1982-02-22,2026-04-17T08:23:40.442Z
C00526,Frank,Gibson,Kevinland,6960600549,Pope,2002-10-06,2026-04-17T08:23:40.442Z
C00527,Austin,Merritt,Lake Briannaport,844638930,Foreman,1934-06-24,2026-04-17T08:23:40.442Z
C00528,Michael,White,Karenburgh,5171650591,Foreman,1917-06-28,2026-04-17T08:23:40.442Z
C00529,Marc,Reynolds,Davidshire,6507349916,Scientist,1975-12-29,2026-04-17T08:23:40.442Z
C00530,Jeanette,Boyd,Lake Davidfort,4757160463,Carpenter,1964-06-20,2026-04-17T08:23:40.442Z
C00531,Jennifer,Walker,Johnathanfort,8765797193,Lifeguard,2001-04-18,2026-04-17T08:23:40.442Z
C00532,Todd,Unknown,Mcconnellton,5940304127,Reporter,1928-06-03,2026-04-17T08:23:40.442Z
C00533,Adam,Brooks,Trevorchester,1502213032,Boxer,1994-09-07,2026-04-17T08:23:40.442Z
C00534,Richard,Olsen,Alexandratown,1719198010,Detective,1993-01-26,2026-04-17T08:23:40.442Z
C00535,Samuel,Unknown,East Annview,777681651,Businessman,1945-07-27,2026-04-17T08:23:40.442Z
C00536,Joshua,Unknown,Unknown,122410743,Detective,1932-02-15,2026-04-17T08:23:40.442Z
C00537,Jennifer,Morales,Whitneyville,1280235701,Unknown,1990-02-12,2026-04-17T08:23:40.442Z
C00538,Martha,Obrien,Tylerview,8013523961,Farmer,1974-04-02,2026-04-17T08:23:40.442Z
C00539,Andrew,Woods,North Sonya,6119419792,Lunchroom Supervisor,1976-04-03,2026-04-17T08:23:40.442Z
C00540,Cassandra,Salazar,Martinville,5058988088,Detective,1933-08-30,2026-04-17T08:23:40.442Z
C00541,Charles,Simmons,Unknown,9356112293,Paramedic,1985-01-16,2026-04-17T08:23:40.442Z
C00542,Jonathan,Smith,Patriciachester,1043620301,Surgeon,1962-09-14,2026-04-17T08:23:40.442Z
C00543,Unknown,Holmes,Barkerborough,3326104950,Lunchroom Supervisor,1968-03-10,2026-04-17T08:23:40.442Z
C00544,Darius,Campos,Brianstad,5158984052,Doctor,1937-12-08,2026-04-17T08:23:40.442Z
C00545,Jesus,Grant,New Ashleytown,6497490486,Fireman,1928-03-15,2026-04-17T08:23:40.442Z
C00546,Kayla,Shields,Palmerstad,5561166822,Construction Worker,1964-06-02,2026-04-17T08:23:40.442Z
C00547,Jonathan,Shaw,East Deborahview,10302367,Cameraman,1964-12-25,2026-04-17T08:23:40.442Z
C00548,Pamela,Mccoy,Scotthaven,8939707178,Clown,1967-12-12,2026-04-17T08:23:40.442Z
C00549,Jodi,Lopez,Josephland,6093262524,Unknown,1989-02-27,2026-04-17T08:23:40.442Z
C00550,Paul,Johnson,West Martha,8776743029,Priest,1965-03-02,2026-04-17T08:23:40.442Z
C00551,Charles,Kelley,South Lori,2467571890,Clown,1900-01-01,2026-04-17T08:23:40.442Z
C00552,Heather,Stanley,South Jacob,1816621297,Flight Attendant,1957-09-27,2026-04-17T08:23:40.442Z
C00553,Unknown,Mcmillan,Unknown,642014313,Gardener,1996-09-08,2026-04-17T08:23:40.442Z
C00554,Lucas,Anderson,North Katherineshire,9873438751,Surgeon,1900-01-01,2026-04-17T08:23:40.442Z
C00555,Nicholas,Unknown,Christinaview,557011672,Flight Attendant,1900-01-01,2026-04-17T08:23:40.442Z
C00556,Timothy,Abbott,Unknown,1317133881,Geisha,2003-11-02,2026-04-17T08:23:40.442Z
C00557,Joshua,Ryan,New Scott,2764108932,Carpenter,1981-04-09,2026-04-17T08:23:40.442Z
C00558,Sarah,Mccarthy,West Willieside,5627586363,Unknown,1971-02-26,2026-04-17T08:23:40.442Z
C00559,Christopher,Brown,Chrisview,119525150,Builder,1929-10-19,2026-04-17T08:23:40.442Z
C00560,James,Myers,East Sherry,5491067513,Builder,1962-11-12,2026-04-17T08:23:40.442Z
C00561,Cody,Owen,Atkinsonville,4727420154,Painter,1924-08-18,2026-04-17T08:23:40.442Z
C00562,Patrick,Peters,Lisamouth,5387383900,Farmer,1968-03-31,2026-04-17T08:23:40.442Z
C00563,Thomas,Unknown,West Heather,3597053757,Waiter,1996-10-10,2026-04-17T08:23:40.442Z
C00564,Judy,Johnson,Unknown,2445285489,Student,1956-12-29,2026-04-17T08:23:40.442Z
C00565,Taylor,Mcdonald,East Kara,5407370718,Nurse,1959-07-29,2026-04-17T08:23:40.442Z
C00566,Jerome,Alvarez,Andersonfort,7210053334,Waiter,1916-03-26,2026-04-17T08:23:40.442Z
C00567,Roy,Jacobs,Lewisstad,8616535972,Cameraman,1952-04-03,2026-04-17T08:23:40.442Z
C00568,Larry,Valentine,Kathleenborough,5058988088,Train Conductor,1962-06-04,2026-04-17T08:23:40.442Z
C00569,Kelly,Neal,Charlesland,8196030135,Nurse,1900-01-01,2026-04-17T08:23:40.442Z
C00570,Amy,Moore,East David,4679201933,Cameraman,1935-01-28,2026-04-17T08:23:40.442Z
C00571,Alyssa,Blair,Warnerview,9475425220,Unknown,2005-05-25,2026-04-17T08:23:40.442Z
C00572,Samantha,Unknown,New Antonio,8237377818,Nurse,2005-08-12,2026-04-17T08:23:40.442Z
C00573,Unknown,Unknown,Port Larry,5058988088,Librarian,1920-09-23,2026-04-17T08:23:40.442Z
C00574,Jeffrey,Flores,Geraldville,6928028830,Footballer,1900-01-01,2026-04-17T08:23:40.442Z
C00575,Laura,Williams,Jenniferbury,4325461208,Secretary,1900-01-01,2026-04-17T08:23:40.442Z
C00576,Steven,Park,Masonberg,5058988088,Soldier,1961-02-20,2026-04-17T08:23:40.442Z
C00577,Thomas,Howard,Shanehaven,6847519267,Carpenter,1922-09-13,2026-04-17T08:23:40.442Z
C00578,Emily,Wallace,Port Karenview,685179407,Diver,1900-01-01,2026-04-17T08:23:40.442Z
C00579,Stephanie,Lane,Unknown,9924899379,Mechanic,1980-10-18,2026-04-17T08:23:40.442Z
C00580,Dustin,Pitts,Hartport,19152822,Photographer,2001-09-16,2026-04-17T08:23:40.442Z
C00581,Crystal,Medina,Williamsshire,4845193724,Pirate,1900-01-01,2026-04-17T08:23:40.442Z
C00582,Ryan,Flores,North Matthewland,551039512,Nurse,1963-12-17,2026-04-17T08:23:40.442Z
C00583,Unknown,Unknown,West Steven,2817010813,Unknown,2005-07-21,2026-04-17T08:23:40.442Z
C00584,Parker,Serrano,Lisaland,3035049807,Mechanic,2005-01-07,2026-04-17T08:23:40.442Z
C00585,Joseph,Torres,Lynchmouth,3677931094,Painter,1973-05-05,2026-04-17T08:23:40.442Z
C00586,Billy,Meyer,Williamton,6508629675,Reporter,1931-08-28,2026-04-17T08:23:40.442Z
C00587,Tiffany,Stephens,Robertberg,8297323151,Architect,1900-01-01,2026-04-17T08:23:40.442Z
C00588,Amy,Logan,Jeremyfurt,5746721577,Unknown,1900-01-01,2026-04-17T08:23:40.442Z
C00589,Amber,Johnson,Ronaldstad,3464451802,Doctor,1947-08-21,2026-04-17T08:23:40.442Z
C00590,Jeffrey,Hernandez,Ryanton,2952577984,Repairman,1964-04-19,2026-04-17T08:23:40.442Z
C00591,Troy,Roberts,Cruzmouth,7001219690,Catholic Nun,1984-02-23,2026-04-17T08:23:40.442Z
C00592,David,Washington,Josephbury,7850262023,Professor,1998-10-20,2026-04-17T08:23:40.442Z
C00593,Evan,King,Joelside,9273015784,Librarian,1935-08-14,2026-04-17T08:23:40.442Z
C00594,Robert,Lloyd,Changtown,5308152227,Police Officer,1992-03-18,2026-04-17T08:23:40.442Z
C00595,Leah,Riley,West Trevorfurt,324630232,Nurse,1928-06-23,2026-04-17T08:23:40.442Z
C00596,Michael,Roy,South Michael,7270782236,Soldier,1931-06-27,2026-04-17T08:23:40.442Z
C00597,Unknown,Lane,Hillburgh,7928703441,Forest Ranger,1952-12-03,2026-04-17T08:23:40.442Z
C00598,Jacob,Henderson,Brownmouth,7555346021,Secretary,1946-11-06,2026-04-17T08:23:40.442Z
C00599,Adam,Unknown,South Michellemouth,5133041526,Mechanic,1998-03-19,2026-04-17T08:23:40.442Z
C00600,Deborah,Vargas,Michaelville,1177527893,Diver,1900-01-01,2026-04-17T08:23:40.442Z
C00601,Lacey,Shaffer,New Danny,5058988088,Engineer,1993-04-02,2026-04-17T08:23:40.442Z
C00602,Austin,Jones,Port Robert,1948464566,Paramedic,1960-04-14,2026-04-17T08:23:40.442Z
C00603,Tiffany,Mcdowell,Hodgesfort,367965309,Unknown,1932-11-14,2026-04-17T08:23:40.442Z
C00604,Amber,Hawkins,Christophershire,6959841913,Reporter,1962-08-08,2026-04-17T08:23:40.442Z
C00605,Lisa,Bowers,Lake Mark,6714658640,Pilot,1927-06-03,2026-04-17T08:23:40.442Z
C00606,Joseph,Sawyer,Millsside,3139398075,Boxer,1926-03-19,2026-04-17T08:23:40.442Z
C00607,Brittany,Brandt,Unknown,7937022649,Postman,1970-04-20,2026-04-17T08:23:40.442Z
C00608,Christopher,Gibson,Monroeville,7543605309,Housewife,1996-11-13,2026-04-17T08:23:40.442Z
C00609,Ruth,Logan,Smithview,2773365006,Builder,1993-12-05,2026-04-17T08:23:40.442Z
C00610,Collin,Baird,Williamsview,4965058954,Dentist,1957-12-17,2026-04-17T08:23:40.442Z
C00611,Michael,Mata,Rachelville,5058988088,Electrician,1980-10-15,2026-04-17T08:23:40.442Z
C00612,Unknown,Miller,Port Marie,4171051323,Lunchroom Supervisor,1977-08-08,2026-04-17T08:23:40.442Z
C00613,Kelsey,Reed,West Sandy,8125226459,Carpenter,1927-01-02,2026-04-17T08:23:40.442Z
C00614,Gary,Hernandez,Unknown,1473956621,Paramedic,1942-09-14,2026-04-17T08:23:40.442Z
C00615,Unknown,Soto,East Ericchester,9606762231,Repairman,2000-08-21,2026-04-17T08:23:40.442Z
C00616,Juan,White,Marktown,5058988088,Photographer,1934-07-25,2026-04-17T08:23:40.442Z
C00617,Lisa,Martin,Unknown,5603838900,Pirate,1900-01-01,2026-04-17T08:23:40.442Z
C00618,Jamie,Mckenzie,Ryantown,9462112653,Mechanic,1939-10-13,2026-04-17T08:23:40.442Z
C00619,Anthony,Hoffman,Jamietown,826688507,Librarian,1974-07-16,2026-04-17T08:23:40.442Z
C00620,Jennifer,Young,South John,1500769411,Magician,1983-09-11,2026-04-17T08:23:40.442Z
C00621,Monica,Elliott,Valeriechester,5058988088,Builder,1919-09-12,2026-04-17T08:23:40.442Z
C00622,Unknown,Rosario,Colleenview,8781833728,Mechanic,1968-01-07,2026-04-17T08:23:40.442Z
C00623,Derek,Foster,South Julie,7787189089,Pilot,1977-11-08,2026-04-17T08:23:40.442Z
C00624,Nancy,Hernandez,Unknown,1189929803,Lunchroom Supervisor,1972-08-27,2026-04-17T08:23:40.442Z
C00625,Diana,Sampson,New Angela,5058988088,Pirate,1930-03-16,2026-04-17T08:23:40.442Z
C00626,Unknown,Roth,North Jenniferview,9539992416,Unknown,1970-04-07,2026-04-17T08:23:40.442Z
C00627,Samantha,Stark,Rojasborough,5087571905,Geisha,1914-05-22,2026-04-17T08:23:40.442Z
C00628,Anne,White,Port Andrewfort,8120362475,Magician,2005-08-05,2026-04-17T08:23:40.442Z
C00629,Jane,Lee,New Jacquelineside,9032824141,Police Officer,1963-05-21,2026-04-17T08:23:40.442Z
C00630,Deborah,Gonzalez,Suzanneberg,5058988088,Student,1974-11-11,2026-04-17T08:23:40.442Z
C00631,Unknown,Unknown,New Amber,5058988088,Pilot,1900-01-01,2026-04-17T08:23:40.442Z
C00632,Miranda,George,Patriciamouth,9049648517,Footballer,1953-04-19,2026-04-17T08:23:40.442Z
C00633,Duane,White,Port Tinastad,1733499396,Unknown,1991-07-24,2026-04-17T08:23:40.442Z
C00634,Tiffany,Alexander,Julianbury,6989937436,Surgeon,1917-06-05,2026-04-17T08:23:40.442Z
C00635,Anthony,Brooks,New Diana,5219391053,Unknown,1933-10-30,2026-04-17T08:23:40.442Z
C00636,Lori,Reyes,Unknown,2741454172,Magician,1967-12-07,2026-04-17T08:23:40.442Z
C00637,Kimberly,Schultz,Jasonbury,4277750077,Professor,1994-11-14,2026-04-17T08:23:40.442Z
C00638,James,Johnson,Port Chadborough,6529141618,Painter,1973-09-14,2026-04-17T08:23:40.442Z
C00639,Kyle,Lee,Unknown,1888526996,Unknown,1920-04-15,2026-04-17T08:23:40.442Z
C00640,Rachel,Andersen,Unknown,9687800314,Flight Attendant,1945-11-20,2026-04-17T08:23:40.442Z
C00641,Andrew,Morales,North Ashley,8105440959,Clown,1900-01-01,2026-04-17T08:23:40.442Z
C00642,Stephanie,Roberts,Port Victoriamouth,1384962152,Dentist,1900-01-01,2026-04-17T08:23:40.442Z
C00643,Laura,Mueller,Unknown,5732208796,Foreman,1982-06-01,2026-04-17T08:23:40.442Z
C00644,Marcus,Douglas,Richardfurt,5058988088,Flight Attendant,1996-08-19,2026-04-17T08:23:40.442Z
C00645,Gina,Romero,Port Jeremy,5322859007,Unknown,1916-09-13,2026-04-17T08:23:40.442Z
C00646,Kathleen,Hernandez,New Angela,831769932,Doctor,1900-01-01,2026-04-17T08:23:40.442Z
C00647,Tracy,Brown,Amytown,1456003361,Boxer,1982-01-10,2026-04-17T08:23:40.442Z
C00648,Veronica,Leonard,New Rodneyport,8449585559,Detective,1926-03-04,2026-04-17T08:23:40.442Z
C00649,Anthony,Rodriguez,Unknown,7263199987,Forest Ranger,2002-09-12,2026-04-17T08:23:40.442Z
C00650,James,Washington,East Markhaven,1764341408,Lunchroom Supervisor,1925-04-04,2026-04-17T08:23:40.442Z
C00651,Jeffrey,Lopez,Waltershire,2443530069,Unknown,1943-12-16,2026-04-17T08:23:40.442Z
C00652,Nicholas,Cantrell,Martinezside,5058988088,Librarian,1971-04-01,2026-04-17T08:23:40.442Z
C00653,Manuel,Barnett,Unknown,6403731882,Waiter,1900-01-01,2026-04-17T08:23:40.442Z
C00654,Dylan,Williams,Jessicaborough,5548328176,Mechanic,1952-02-25,2026-04-17T08:23:40.442Z
C00655,Troy,Unknown,Ortegafort,1079956890,Singer,1955-06-28,2026-04-17T08:23:40.442Z
C00656,Unknown,Clark,Port Jennifer,1181812138,Magician,1972-09-18,2026-04-17T08:23:40.442Z
C00657,Stephanie,Kirby,Oliviaville,541446356,Farmer,1945-03-25,2026-04-17T08:23:40.442Z
C00658,Lisa,Carlson,Schmidtburgh,5180837363,Catholic Nun,1992-08-18,2026-04-17T08:23:40.442Z
C00659,Hannah,Dudley,Phillipville,3497245317,Unknown,2003-08-05,2026-04-17T08:23:40.442Z
C00660,Unknown,Gomez,Unknown,615754833,Unknown,1941-06-08,2026-04-17T08:23:40.442Z
C00661,Carlos,Unknown,Jasmineborough,8473640218,Pirate,1943-05-08,2026-04-17T08:23:40.442Z
C00662,James,Garza,South Erik,1676042193,Builder,1921-12-27,2026-04-17T08:23:40.442Z
C00663,Bruce,Lopez,Kaitlynburgh,5906079526,Geisha,1923-06-15,2026-04-17T08:23:40.442Z
C00664,Laura,Reid,North Michaelhaven,3412005177,Waiter,1961-08-14,2026-04-17T08:23:40.442Z
C00665,Christopher,Sandoval,East Mark,5069430526,Unknown,1966-06-04,2026-04-17T08:23:40.442Z
C00666,Denise,Moran,South Joshua,1234891738,Unknown,1917-09-09,2026-04-17T08:23:40.442Z
C00667,Kenneth,Thompson,West Marc,1988542338,Train Conductor,1941-12-11,2026-04-17T08:23:40.442Z
C00668,Willie,Burnett,Brewerhaven,1370627509,Mechanic,1989-01-17,2026-04-17T08:23:40.442Z
C00669,Steven,Benson,West Kimberly,7346210623,Housekeeper,1947-06-30,2026-04-17T08:23:40.442Z
C00670,Jeffrey,Unknown,Austinfurt,4285260133,Catholic Nun,1900-01-01,2026-04-17T08:23:40.442Z
C00671,Andrea,Williams,Unknown,7458924366,Catholic Nun,1947-06-23,2026-04-17T08:23:40.442Z
C00672,Autumn,Richard,Port Michaelmouth,3859872735,Soldier,1958-04-03,2026-04-17T08:23:40.442Z
C00673,Brittany,Miller,Unknown,6880141959,Singer,1964-11-22,2026-04-17T08:23:40.442Z
C00674,Darlene,Harrington,Port Kevin,3407050258,Surgeon,1950-01-15,2026-04-17T08:23:40.442Z
C00675,Kayla,Hernandez,Palmerview,248221366,Catholic Nun,1992-06-29,2026-04-17T08:23:40.442Z
C00676,Rebecca,Fisher,New Williamview,5058988088,Carpenter,1923-04-16,2026-04-17T08:23:40.442Z
C00677,Robert,Sullivan,West Keithstad,1800822510,Diver,1959-04-28,2026-04-17T08:23:40.442Z
C00678,Harold,Alexander,Lake Brendatown,7330685017,Flight Attendant,1960-04-29,2026-04-17T08:23:40.442Z
C00679,Jose,Tyler,East Ronald,2056851927,Cameraman,1952-08-27,2026-04-17T08:23:40.442Z
C00680,Catherine,Stokes,South Aaronstad,6226361783,Construction Worker,1994-09-06,2026-04-17T08:23:40.442Z
C00681,Michael,Morrow,Unknown,384848507,Photographer,1938-06-17,2026-04-17T08:23:40.442Z
C00682,Sean,Bauer,Blackchester,3148705900,Architect,1999-05-04,2026-04-17T08:23:40.442Z
C00683,Unknown,Unknown,Rachelton,777431358,Businessman,1935-12-21,2026-04-17T08:23:40.442Z
C00684,Tammie,Wells,New Timothy,5058988088,Fireman,1900-01-01,2026-04-17T08:23:40.442Z
C00685,Melissa,Long,North James,3579721325,Repairman,1976-10-28,2026-04-17T08:23:40.442Z
C00686,Thomas,Miller,North Michael,8307052052,Clown,1998-02-18,2026-04-17T08:23:40.442Z
C00687,Jeffery,Jones,Unknown,6645266424,Flight Attendant,1919-10-06,2026-04-17T08:23:40.442Z
C00688,Kaitlyn,Baker,Rachaeltown,1046763242,Geisha,1913-07-30,2026-04-17T08:23:40.442Z
C00689,Kenneth,Mcdaniel,Unknown,2651692401,Singer,1938-01-14,2026-04-17T08:23:40.442Z
C00690,Katherine,Mitchell,Griffinborough,6508175572,Train Conductor,1930-03-16,2026-04-17T08:23:40.442Z
C00691,Paul,Donaldson,Petersonmouth,1112162573,Foreman,2004-08-09,2026-04-17T08:23:40.442Z
C00692,Benjamin,Carter,South Marcton,2142842792,Lunchroom Supervisor,1900-01-01,2026-04-17T08:23:40.442Z
C00693,Amanda,Briggs,Jayfurt,8829820707,Journalist,1973-07-16,2026-04-17T08:23:40.442Z
C00694,Bianca,Rodriguez,Unknown,5058988088,Waiter,1942-05-24,2026-04-17T08:23:40.442Z
C00695,Unknown,Moore,Unknown,9496641061,Architect,1968-12-10,2026-04-17T08:23:40.442Z
C00696,Matthew,Thompson,Alicialand,5058988088,Unknown,1940-07-04,2026-04-17T08:23:40.442Z
C00697,Mark,Edwards,Lake Nicolefurt,8146843171,Construction Worker,1925-02-25,2026-04-17T08:23:40.442Z
C00698,Unknown,Jenkins,Katelynside,8554088021,Detective,1961-12-27,2026-04-17T08:23:40.442Z
C00699,Jessica,Smith,Lake Johnside,598630106,Unknown,1919-06-07,2026-04-17T08:23:40.442Z
C00700,Jennifer,Hoffman,Seanside,7232298734,Foreman,1976-12-28,2026-04-17T08:23:40.442Z
C00701,Deborah,Unknown,Catherineland,943161640,Unknown,1948-05-22,2026-04-17T08:23:40.442Z
C00702,Unknown,Horton,Mollychester,5058988088,Soldier,1940-02-26,2026-04-17T08:23:40.442Z
C00703,Lisa,Huffman,Bradleyhaven,2424454691,Cameraman,1917-09-17,2026-04-17T08:23:40.442Z
C00704,Leslie,Ferguson,Davenportfort,9439281266,Repairman,2003-11-01,2026-04-17T08:23:40.442Z
C00705,Unknown,Medina,Brownchester,2215603273,Train Conductor,1984-05-11,2026-04-17T08:23:40.442Z
C00706,Jerome,Gardner,Lake Brittany,627110439,Unknown,1982-12-29,2026-04-17T08:23:40.442Z
C00707,Jeremy,Hale,Youngfort,7173531904,Housekeeper,2004-05-08,2026-04-17T08:23:40.442Z
C00708,Randy,Unknown,Unknown,2050896553,Flight Attendant,1900-01-01,2026-04-17T08:23:40.442Z
C00709,Felicia,Burch,Waltersport,4218840260,Diver,1926-07-23,2026-04-17T08:23:40.442Z
C00710,Jeremy,Barnes,Unknown,8626675552,Police Officer,1941-12-29,2026-04-17T08:23:40.442Z
C00711,Joel,Sullivan,Port Mary,9564866224,Secretary,1933-02-03,2026-04-17T08:23:40.442Z
C00712,Shelly,Unknown,Gabrielville,2225691275,Architect,1956-10-21,2026-04-17T08:23:40.442Z
C00713,Unknown,Armstrong,Hollandton,1000133942,Priest,1947-05-06,2026-04-17T08:23:40.442Z
C00714,Ralph,Carson,Griffinfort,1038957857,Painter,1964-08-22,2026-04-17T08:23:40.442Z
C00715,Unknown,Taylor,Aguilarside,406762013,Pope,1933-06-28,2026-04-17T08:23:40.442Z
C00716,Unknown,Evans,Port Reneeberg,5110664725,Construction Worker,1973-09-30,2026-04-17T08:23:40.442Z
C00717,Alex,Freeman,Port Deniseview,7388642134,Scientist,1983-08-24,2026-04-17T08:23:40.442Z
C00718,Steven,Unknown,Unknown,5058988088,Forest Ranger,1963-07-12,2026-04-17T08:23:40.442Z
C00719,Unknown,Unknown,Andrewton,2605831953,Diver,2005-08-10,2026-04-17T08:23:40.442Z
C00720,Jeremy,Reid,Leefort,7544815951,Foreman,2002-10-11,2026-04-17T08:23:40.442Z
C00721,Alan,Unknown,Burgessfort,9266612432,Lifeguard,1987-04-12,2026-04-17T08:23:40.442Z
C00722,Makayla,Miller,Port Travis,921355614,Unknown,1972-05-27,2026-04-17T08:23:40.442Z
C00723,Christopher,Carroll,East Michaelborough,7768984465,Clown,1971-07-27,2026-04-17T08:23:40.442Z
C00724,Jeremy,Boyle,West Steven,9669114724,Pope,1916-10-08,2026-04-17T08:23:40.442Z
C00725,Unknown,Buck,Lake Larry,8217747833,Postman,1999-10-10,2026-04-17T08:23:40.442Z
C00726,Anna,Rivera,West Jacobview,1539517533,Electrician,1981-09-23,2026-04-17T08:23:40.442Z
C00727,Unknown,Unknown,Monicaton,8550728359,Repairman,1997-09-03,2026-04-17T08:23:40.442Z
C00728,Victoria,Brown,Unknown,5722522738,Police Officer,1941-08-14,2026-04-17T08:23:40.442Z
C00729,Kathryn,Reed,Thompsonshire,9909946258,American Football Player,1997-12-04,2026-04-17T08:23:40.442Z
C00730,Amanda,Maxwell,Mariaborough,8005721349,Housewife,2000-06-27,2026-04-17T08:23:40.442Z
C00731,Erik,Perry,New Johnmouth,5748715244,Lifeguard,1933-12-17,2026-04-17T08:23:40.442Z
C00732,Lawrence,Richardson,Virginiamouth,9717646397,Student,1978-07-13,2026-04-17T08:23:40.442Z
C00733,Stefanie,Mendez,Port Morganton,4288957370,Lifeguard,1968-06-24,2026-04-17T08:23:40.442Z
C00734,Sandra,Foster,Lake Taylor,7261317870,Lifeguard,1935-05-17,2026-04-17T08:23:40.442Z
C00735,Seth,Hughes,Troyland,6075823006,Repairman,1970-03-24,2026-04-17T08:23:40.442Z
C00736,Andrea,Murphy,Brookstown,8721506321,Housekeeper,1949-05-25,2026-04-17T08:23:40.442Z
C00737,Rhonda,Kennedy,East Haroldfurt,6020638239,Priest,1931-12-10,2026-04-17T08:23:40.442Z
C00738,Alan,Baker,Lake Pamelaview,8621916627,Unknown,1972-12-10,2026-04-17T08:23:40.442Z
C00739,Joshua,Garner,New Fernando,1018231562,American Football Player,1970-06-14,2026-04-17T08:23:40.442Z
C00740,Sarah,Petty,Lake Danieltown,5485063217,Photographer,1932-04-22,2026-04-17T08:23:40.442Z
C00741,Sara,Lloyd,Lake Robertchester,4206755714,Housekeeper,1943-10-15,2026-04-17T08:23:40.442Z
C00742,Gabriella,Unknown,Davidville,3718107656,Carpenter,1944-06-12,2026-04-17T08:23:40.442Z
C00743,Anthony,Greene,Port Kathleen,4872286829,Reporter,1923-12-12,2026-04-17T08:23:40.442Z
C00744,John,Schneider,New Sean,2509961768,Scientist,1993-07-12,2026-04-17T08:23:40.442Z
C00745,Unknown,Phillips,Sheilafort,5859022928,Paramedic,1925-04-17,2026-04-17T08:23:40.442Z
C00746,Nicole,Garcia,Unknown,337615304,Repairman,1957-05-01,2026-04-17T08:23:40.442Z
C00747,Sandra,Unknown,Huntermouth,9049541069,Lifeguard,1939-02-14,2026-04-17T08:23:40.442Z
C00748,Unknown,Martin,Sheltonmouth,4802950209,Unknown,1974-06-24,2026-04-17T08:23:40.442Z
C00749,Maria,Love,Jonesmouth,2095094750,Unknown,1958-07-01,2026-04-17T08:23:40.442Z
C00750,Patricia,Unknown,Kaylamouth,8432057605,Scientist,1995-11-07,2026-04-17T08:23:40.442Z
C00751,Travis,Wilson,New Lisahaven,285482074,Journalist,1972-03-06,2026-04-17T08:23:40.442Z
C00752,Michele,Yoder,North Emilyfurt,1711528626,Repairman,1987-11-26,2026-04-17T08:23:40.442Z
C00753,Lauren,Jackson,New Ashleyside,6769484360,Foreman,1976-11-26,2026-04-17T08:23:40.442Z
C00754,Alicia,Sweeney,Joannaton,3378702219,Lifeguard,1971-11-04,2026-04-17T08:23:40.442Z
C00755,Andrew,Johnson,Unknown,6056533267,Doorman,1925-08-13,2026-04-17T08:23:40.442Z
C00756,Christopher,Jones,East Benjamin,7757955546,Foreman,1978-02-08,2026-04-17T08:23:40.442Z
C00757,Robert,Parker,Unknown,8093595101,Unknown,1986-10-02,2026-04-17T08:23:40.442Z
C00758,Jose,Reynolds,Port Christophermouth,306159248,Lunchroom Supervisor,1941-06-02,2026-04-17T08:23:40.442Z
C00759,Adam,Newton,Unknown,4733413102,Unknown,1900-01-01,2026-04-17T08:23:40.442Z
C00760,Whitney,Harper,South Shannonland,4230327095,Pirate,1900-01-01,2026-04-17T08:23:40.442Z
C00761,John,Garrison,Cherylview,1746647992,Geisha,1900-01-01,2026-04-17T08:23:40.442Z
C00762,Unknown,Mendez,Port Thomas,8773485863,Doorman,1983-07-18,2026-04-17T08:23:40.442Z
C00763,Tammie,Walker,Unknown,5058988088,Cameraman,1957-10-27,2026-04-17T08:23:40.442Z
C00764,Amy,Unknown,West Robertton,7935336285,Boxer,1955-04-28,2026-04-17T08:23:40.442Z
C00765,Brittany,Unknown,Unknown,897219297,Businessman,2002-01-04,2026-04-17T08:23:40.442Z
C00766,Brittney,Roberts,East Carl,9275048921,Farmer,1984-01-10,2026-04-17T08:23:40.442Z
C00767,Elaine,Chambers,Mileschester,8108109072,Detective,1985-09-23,2026-04-17T08:23:40.442Z
C00768,Benjamin,Bush,East Kimberlyland,7286152593,Gardener,1921-02-24,2026-04-17T08:23:40.442Z
C00769,Donald,Wilson,Angelaville,3609764401,Flight Attendant,1957-10-16,2026-04-17T08:23:40.442Z
C00770,Michelle,Unknown,West Jamesshire,7334139711,Lunchroom Supervisor,1996-07-02,2026-04-17T08:23:40.442Z
C00771,Tracy,Lee,Georgehaven,3401007638,Paramedic,1943-10-03,2026-04-17T08:23:40.442Z
C00772,Catherine,Singleton,Lake Alexander,1786388380,Construction Worker,1914-01-11,2026-04-17T08:23:40.442Z
C00773,Joseph,Brandt,Morganstad,8398288,Farmer,1965-06-15,2026-04-17T08:23:40.442Z
C00774,Ashlee,Day,Hobbston,5058988088,Doorman,1921-08-28,2026-04-17T08:23:40.442Z
C00775,Unknown,Unknown,Port Jamie,4318184441,Pirate,1913-07-24,2026-04-17T08:23:40.442Z
C00776,Sean,Johnson,Georgemouth,4629969230,Magician,1918-10-02,2026-04-17T08:23:40.442Z
C00777,Amanda,Brown,North Sarahshire,6890918289,Secretary,1973-11-16,2026-04-17T08:23:40.442Z
C00778,Jeffrey,Cooper,Grossland,1596471441,Catholic Nun,1958-11-15,2026-04-17T08:23:40.442Z
C00779,Brendan,Espinoza,North Juliemouth,2418886369,Farmer,1915-10-26,2026-04-17T08:23:40.442Z
C00780,Sydney,Johns,Unknown,4833751857,Unknown,2004-11-22,2026-04-17T08:23:40.442Z
C00781,Jill,Morales,Jasonborough,9605193043,Unknown,1992-09-09,2026-04-17T08:23:40.442Z
C00782,Corey,Walker,North John,2269573622,Singer,1948-01-30,2026-04-17T08:23:40.442Z
C00783,Unknown,Bautista,Evanburgh,691525030,Fireman,1987-09-04,2026-04-17T08:23:40.442Z
C00784,David,Johnson,Amandatown,8880213745,Carpenter,1934-10-07,2026-04-17T08:23:40.442Z
C00785,Douglas,Unknown,Gainestown,3310616854,Forest Ranger,1962-03-07,2026-04-17T08:23:40.442Z
C00786,Catherine,Schmidt,North Robert,1359994605,Geisha,1900-01-01,2026-04-17T08:23:40.442Z
C00787,Sherry,Rodriguez,South Dawntown,4332023038,Singer,1947-02-08,2026-04-17T08:23:40.442Z
C00788,Jared,Smith,Hayesbury,9949081147,Police Officer,1966-04-30,2026-04-17T08:23:40.442Z
C00789,Stephen,Cox,Franklinstad,5058988088,Businessman,1949-05-15,2026-04-17T08:23:40.442Z
C00790,Jennifer,Pittman,Unknown,8735022019,Farmer,1997-03-01,2026-04-17T08:23:40.442Z
C00791,Zachary,Copeland,West Jennifer,9081856664,Housekeeper,1900-01-01,2026-04-17T08:23:40.442Z
C00792,Joseph,Mason,Bradleyville,2680128732,Mechanic,1958-08-05,2026-04-17T08:23:40.442Z
C00793,Brian,Fletcher,South Catherineton,857435562,Photographer,1939-03-11,2026-04-17T08:23:40.442Z
C00794,Unknown,Torres,South Danielshire,5235219598,Forest Ranger,1900-01-01,2026-04-17T08:23:40.442Z
C00795,Austin,Edwards,Port Helen,2172122234,Foreman,1950-10-11,2026-04-17T08:23:40.442Z
C00796,Michael,Clark,Unknown,5625827588,Foreman,1900-01-01,2026-04-17T08:23:40.442Z
C00797,Samantha,Wolf,Delgadoshire,5016349614,Engineer,1932-01-19,2026-04-17T08:23:40.442Z
C00798,David,Unknown,North Sarah,1521116865,Pilot,1986-01-13,2026-04-17T08:23:40.442Z
C00799,Rachel,Shannon,Unknown,2573678592,Forest Ranger,1933-09-13,2026-04-17T08:23:40.442Z
C00800,Deborah,York,Unknown,724390890,Pirate,1963-05-07,2026-04-17T08:23:40.442Z
C00801,Regina,Brock,Unknown,6315700438,Pirate,1975-11-14,2026-04-17T08:23:40.442Z
C00802,Maria,Brown,Collinschester,6438009102,Train Conductor,1900-01-01,2026-04-17T08:23:40.442Z
C00803,Christopher,Pennington,Joshuashire,1499917707,Professor,1973-01-09,2026-04-17T08:23:40.442Z
C00804,Victoria,Diaz,Unknown,5058988088,Salesman,1900-01-01,2026-04-17T08:23:40.442Z
C00805,Anthony,West,Walkerburgh,196688576,Businessman,1990-06-12,2026-04-17T08:23:40.442Z
C00806,Angelica,Unknown,Unknown,4218325294,Unknown,1960-06-06,2026-04-17T08:23:40.442Z
C00807,Angelica,Hall,Port Carolynchester,1588406086,Unknown,2001-05-29,2026-04-17T08:23:40.442Z
C00808,Kelly,Owen,South Brianburgh,5058988088,American Football Player,1917-04-03,2026-04-17T08:23:40.442Z
C00809,Dave,Fernandez,Lake Karenton,5596559665,Fireman,1960-07-14,2026-04-17T08:23:40.442Z
C00810,April,Johnson,East Julianburgh,2300944453,Unknown,1957-06-19,2026-04-17T08:23:40.442Z
C00811,Jennifer,Wong,Sheltonborough,5058988088,Paramedic,1948-12-28,2026-04-17T08:23:40.442Z
C00812,Nathan,Thompson,Port Jonathonville,710678550,Singer,1925-05-30,2026-04-17T08:23:40.442Z
C00813,David,Jackson,West Johnshire,6094347796,Singer,1956-03-27,2026-04-17T08:23:40.442Z
C00814,Susan,Stevens,Wallschester,5058988088,Magician,1969-02-13,2026-04-17T08:23:40.442Z
C00815,Katherine,Bentley,Williamsfurt,8037247410,Pope,1998-02-02,2026-04-17T08:23:40.442Z
C00816,Unknown,Rose,Johnsonton,6014387863,Photographer,1984-05-15,2026-04-17T08:23:40.442Z
C00817,Mary,Juarez,Keithchester,48596187,Geisha,1988-07-12,2026-04-17T08:23:40.442Z
C00818,Maria,Russo,East Paulaton,5755121463,Postman,1997-04-08,2026-04-17T08:23:40.442Z
C00819,Donna,Unknown,New Zachary,270640689,Scientist,2003-01-13,2026-04-17T08:23:40.442Z
C00820,Unknown,Morales,North John,4631881827,Fireman,1939-04-02,2026-04-17T08:23:40.442Z
C00821,Nathan,Lee,East Diane,5058988088,Salesman,1940-09-23,2026-04-17T08:23:40.442Z
C00822,Joshua,Jones,Davisburgh,5058988088,Waiter,1900-01-01,2026-04-17T08:23:40.442Z
C00823,Brian,Montgomery,Port Ericland,7771148354,Waiter,1983-01-07,2026-04-17T08:23:40.442Z
C00824,Miguel,Melendez,Marvinton,6925948198,Pope,1940-09-24,2026-04-17T08:23:40.442Z
C00825,Andrew,Sellers,South Lauratown,9688810165,Lifeguard,1984-03-02,2026-04-17T08:23:40.442Z
C00826,Unknown,Taylor,New Michael,6176003657,Unknown,1975-01-14,2026-04-17T08:23:40.442Z
C00827,Christine,Montgomery,Lake Stephen,8918131746,Fireman,1989-09-12,2026-04-17T08:23:40.442Z
C00828,Amanda,Jones,Ryanfurt,6207870615,Surgeon,1993-11-09,2026-04-17T08:23:40.442Z
C00829,Dorothy,Gutierrez,Unknown,1915360052,Fireman,1951-04-17,2026-04-17T08:23:40.442Z
C00830,Thomas,Jones,West Barbara,3892711875,Detective,1949-04-06,2026-04-17T08:23:40.442Z
C00831,Antonio,Gilmore,North Ericfort,2811384958,Lunchroom Supervisor,1996-01-24,2026-04-17T08:23:40.442Z
C00832,James,Dillon,Sylviaside,5058988088,Train Conductor,1922-08-11,2026-04-17T08:23:40.442Z
C00833,Luke,Williams,Gallowayview,1425583431,Gardener,1998-03-11,2026-04-17T08:23:40.442Z
C00834,Anthony,Frost,West Robertstad,9016392697,Nurse,1993-03-17,2026-04-17T08:23:40.442Z
C00835,Lynn,Stevens,Brentstad,8346262998,Clown,1944-10-09,2026-04-17T08:23:40.442Z
C00836,Brenda,Unknown,New Saratown,244281531,Foreman,1926-12-19,2026-04-17T08:23:40.442Z
C00837,Garrett,Unknown,South David,123195136,Foreman,1912-12-13,2026-04-17T08:23:40.442Z
C00838,Madeline,Turner,Richardfurt,8931101808,Clown,1942-03-23,2026-04-17T08:23:40.442Z
C00839,David,Black,Johnsonville,4089784418,Electrician,1976-12-08,2026-04-17T08:23:40.442Z
C00840,Andre,Frank,North Arthurview,3753566291,Train Conductor,1965-12-06,2026-04-17T08:23:40.442Z
C00841,Anthony,Watson,East Williambury,5058988088,Dentist,1925-03-31,2026-04-17T08:23:40.442Z
C00842,Jennifer,Love,East Josetown,905594735,Detective,1960-04-11,2026-04-17T08:23:40.442Z
C00843,Linda,Jordan,Port Amberchester,6297765156,Carpenter,1976-03-04,2026-04-17T08:23:40.442Z
C00844,William,Johnson,Jeffreyburgh,5215949734,Professor,1995-11-17,2026-04-17T08:23:40.442Z
C00845,Dennis,Griffin,Martinezview,380962141,Forest Ranger,1963-06-29,2026-04-17T08:23:40.442Z
C00846,Bryan,Roberts,Sandersberg,3949687175,Gardener,1930-06-28,2026-04-17T08:23:40.442Z
C00847,Barbara,Sutton,South Kristen,527666496,Lifeguard,1982-09-07,2026-04-17T08:23:40.442Z
C00848,David,Yates,Unknown,8781243741,Footballer,1948-06-12,2026-04-17T08:23:40.442Z
C00849,Victoria,Vasquez,Rodriguezport,3179665847,Unknown,1988-02-08,2026-04-17T08:23:40.442Z
C00850,Theresa,Kent,Paulfort,3608688981,American Football Player,1900-01-01,2026-04-17T08:23:40.442Z
C00851,Nicholas,Wilson,Pughside,8392479405,Salesman,1919-03-07,2026-04-17T08:23:40.442Z
C00852,Chase,Moore,Sarahmouth,5058988088,Boxer,1952-04-06,2026-04-17T08:23:40.442Z
C00853,Gregory,Unknown,East Ericmouth,5060089695,Unknown,1958-08-02,2026-04-17T08:23:40.442Z
C00854,Daniel,Mcgrath,Joyland,8085262039,Soldier,1943-07-11,2026-04-17T08:23:40.442Z
C00855,Ian,Vincent,Hernandezmouth,5596997572,Pope,1920-07-27,2026-04-17T08:23:40.442Z
C00856,Henry,Barnes,Edwardtown,1209839749,Housekeeper,1971-10-02,2026-04-17T08:23:40.442Z
C00857,Lucas,Logan,Unknown,5842576167,Builder,1947-05-02,2026-04-17T08:23:40.442Z
C00858,Rebecca,Caldwell,East Melissaville,5058988088,Police Officer,1976-07-23,2026-04-17T08:23:40.442Z
C00859,Jillian,Unknown,Unknown,2296295341,Pilot,1980-06-15,2026-04-17T08:23:40.442Z
C00860,Unknown,Skinner,Mercadoville,8348807606,Photographer,1993-10-14,2026-04-17T08:23:40.442Z
C00861,Kayla,Higgins,Unknown,3357513623,Unknown,1973-02-23,2026-04-17T08:23:40.442Z
C00862,Jay,Tucker,Lake Kathrynchester,5058988088,Fireman,1985-08-23,2026-04-17T08:23:40.442Z
C00863,Jon,Unknown,North Christopher,8361872967,Forest Ranger,1991-05-26,2026-04-17T08:23:40.442Z
C00864,Vincent,Patterson,South Josephside,5058988088,Mechanic,1926-05-17,2026-04-17T08:23:40.442Z
C00865,Scott,Rodgers,Sarahfurt,8117935881,Paramedic,1900-01-01,2026-04-17T08:23:40.442Z
C00866,Unknown,Chandler,Ingramville,7809356736,Pope,1991-07-04,2026-04-17T08:23:40.442Z
C00867,Ryan,Torres,Unknown,2309848453,Journalist,1963-04-26,2026-04-17T08:23:40.442Z
C00868,Amy,Johnson,West Martinton,3271933049,Repairman,1955-01-21,2026-04-17T08:23:40.442Z
C00869,Deborah,Morris,New Stevenfort,577678466,American Football Player,1918-01-30,2026-04-17T08:23:40.442Z
C00870,Danielle,Parrish,Lauraton,4474949950,Footballer,1989-09-27,2026-04-17T08:23:40.442Z
C00871,Crystal,Unknown,Ewingmouth,4861684340,Unknown,1992-10-07,2026-04-17T08:23:40.442Z
C00872,Elizabeth,Stone,East Anna,5146832353,Dentist,1936-07-18,2026-04-17T08:23:40.442Z
C00873,Lori,Leblanc,Davisport,9134021568,Lunchroom Supervisor,1925-06-23,2026-04-17T08:23:40.442Z
C00874,Craig,Jones,Anthonyberg,3224254655,Foreman,1952-06-19,2026-04-17T08:23:40.442Z
C00875,Robert,Fischer,Lawsonside,1949518149,Catholic Nun,2001-04-22,2026-04-17T08:23:40.442Z
C00876,Aaron,Sherman,Lake Natalieburgh,953727771,Flight Attendant,1928-03-01,2026-04-17T08:23:40.442Z
C00877,Unknown,Foster,South Rodneytown,2489069485,Pilot,1900-01-01,2026-04-17T08:23:40.442Z
C00878,Alexa,Hunter,Thomasside,5058988088,American Football Player,1986-05-26,2026-04-17T08:23:40.442Z
C00879,Belinda,Alvarez,Millerburgh,2572585009,Builder,1976-04-04,2026-04-17T08:23:40.442Z
C00880,Suzanne,Boyd,South Jeremyland,5532892895,Pope,1946-06-07,2026-04-17T08:23:40.442Z
C00881,Amy,Hanson,East Cameronbury,8298318914,Catholic Nun,1963-09-07,2026-04-17T08:23:40.442Z
C00882,Nichole,Jackson,Unknown,5124765329,Priest,1992-01-01,2026-04-17T08:23:40.442Z
C00883,Shawn,Wong,Unknown,3113784051,Nurse,1928-06-27,2026-04-17T08:23:40.442Z
C00884,Alicia,Unknown,East Aaronhaven,5708556641,Repairman,1925-12-09,2026-04-17T08:23:40.442Z
C00885,Jennifer,Terry,Cruztown,1304505528,Businessman,1900-01-01,2026-04-17T08:23:40.442Z
C00886,Lori,Gilbert,South Susanshire,6272162312,Librarian,1991-01-11,2026-04-17T08:23:40.442Z
C00887,John,Knight,North Danielbury,1785119234,Priest,1933-09-09,2026-04-17T08:23:40.442Z
C00888,Patrick,Johnson,Carterport,5058988088,Magician,1900-01-01,2026-04-17T08:23:40.442Z
C00889,Scott,Gordon,East Curtis,6028466135,Pope,1993-05-28,2026-04-17T08:23:40.442Z
C00890,Julie,Lucas,New Amber,3475348665,Engineer,1914-05-30,2026-04-17T08:23:40.442Z
C00891,Patricia,Young,Lawrenceberg,8455413354,Businessman,1970-03-25,2026-04-17T08:23:40.442Z
C00892,Robin,Taylor,Francisborough,3068081899,Fireman,2004-05-03,2026-04-17T08:23:40.442Z
C00893,Ashley,Williams,Patriciaton,6347241040,Unknown,1929-12-18,2026-04-17T08:23:40.442Z
C00894,Margaret,Herrera,South Ryanfurt,2134298247,Paramedic,1984-11-12,2026-04-17T08:23:40.442Z
C00895,Chad,Nguyen,Angelport,5690014616,Electrician,1999-07-02,2026-04-17T08:23:40.442Z
C00896,Kelly,Garza,Hinesmouth,2404341126,Soldier,1922-07-13,2026-04-17T08:23:40.442Z
C00897,Veronica,Unknown,Hillberg,296500846,Photographer,1900-01-01,2026-04-17T08:23:40.442Z
C00898,Jacob,Morgan,Kaylahaven,6543636484,Clown,1929-04-16,2026-04-17T08:23:40.442Z
C00899,Unknown,Erickson,Lamhaven,5325852414,Salesman,1980-07-01,2026-04-17T08:23:40.442Z
C00900,Christopher,Cox,Robertburgh,2368765251,Train Conductor,2001-09-19,2026-04-17T08:23:40.442Z
C00901,Unknown,Cooper,New Sarahburgh,702111527,Clown,1955-06-02,2026-04-17T08:23:40.442Z
C00902,Jason,Hudson,Penachester,5039160820,Singer,1967-07-13,2026-04-17T08:23:40.442Z
C00903,Edward,Nash,Lake Jacob,8263871651,Footballer,1951-01-26,2026-04-17T08:23:40.442Z
C00904,Elizabeth,Campbell,Wilcoxmouth,9542534115,Postman,1971-07-25,2026-04-17T08:23:40.442Z
C00905,Nancy,Hughes,West Christophermouth,7375456795,Salesman,1900-01-01,2026-04-17T08:23:40.442Z
C00906,Michael,Ross,North Sandrafort,9085593671,Cameraman,1900-01-01,2026-04-17T08:23:40.442Z
C00907,John,Mahoney,West Henrybury,5058988088,Farmer,2001-10-28,2026-04-17T08:23:40.442Z
C00908,Katie,Vega,Jacksonmouth,7127334020,Mechanic,1921-07-30,2026-04-17T08:23:40.442Z
C00909,Kelly,Small,Herrerafort,8942079668,Surgeon,1926-12-09,2026-04-17T08:23:40.442Z
C00910,Tina,Proctor,Davidfurt,2320985599,Doorman,1991-05-04,2026-04-17T08:23:40.442Z
C00911,John,Moses,South Gary,9364966143,Pope,1924-04-11,2026-04-17T08:23:40.442Z
C00912,Unknown,Mendoza,East Davidberg,5685013326,Doctor,1961-03-05,2026-04-17T08:23:40.442Z
C00913,Katie,Keller,Bellside,2283474227,American Football Player,1935-02-07,2026-04-17T08:23:40.442Z
C00914,Rodney,George,Port Brian,7086601524,Boxer,1927-08-11,2026-04-17T08:23:40.442Z
C00915,Unknown,Torres,Unknown,790022069,Electrician,1957-02-17,2026-04-17T08:23:40.442Z
C00916,Jeff,Patel,Sharpborough,3336267813,Scientist,1969-12-27,2026-04-17T08:23:40.442Z
C00917,Robin,Mueller,Port Kristenburgh,6201987598,Lunchroom Supervisor,2004-09-29,2026-04-17T08:23:40.442Z
C00918,Kyle,Gonzalez,Lindsayland,5058988088,Detective,1993-04-09,2026-04-17T08:23:40.442Z
C00919,Devin,Bray,South Brooketon,7459290839,Paramedic,1963-01-07,2026-04-17T08:23:40.442Z
C00920,Jennifer,Young,Unknown,7609174982,Unknown,1952-11-04,2026-04-17T08:23:40.442Z
C00921,Adrienne,Lee,East Sarah,8027658706,Housekeeper,1994-03-08,2026-04-17T08:23:40.442Z
C00922,Julia,Schroeder,Benjaminshire,4638441100,Journalist,1993-09-27,2026-04-17T08:23:40.442Z
C00923,Michael,Brown,North Stephenmouth,1760261855,Train Conductor,2004-02-18,2026-04-17T08:23:40.442Z
C00924,Kenneth,Moses,Deanhaven,9891089905,Detective,1993-09-19,2026-04-17T08:23:40.442Z
C00925,Matthew,Brown,East Caroline,1347670727,Mechanic,2002-07-16,2026-04-17T08:23:40.442Z
C00926,Jason,Morales,Port Laura,1201188875,Professor,1942-04-13,2026-04-17T08:23:40.442Z
C00927,Timothy,Cooper,East Melissabury,123173462,Doorman,1975-12-18,2026-04-17T08:23:40.442Z
C00928,Patrick,Fowler,Lake Kyleshire,5058988088,Fireman,1988-07-05,2026-04-17T08:23:40.442Z
C00929,Matthew,Padilla,Alejandroshire,5891174790,Police Officer,1975-02-25,2026-04-17T08:23:40.442Z
C00930,Lauren,Scott,Anthonyside,7090177203,Student,1942-12-28,2026-04-17T08:23:40.442Z
C00931,Kelsey,Carter,Javierview,7902377040,Builder,1940-05-22,2026-04-17T08:23:40.442Z
C00932,Katherine,Sanchez,East Noahshire,5058988088,Paramedic,1957-05-27,2026-04-17T08:23:40.442Z
C00933,Eduardo,Unknown,North Seanfurt,8564229979,Nurse,1937-10-21,2026-04-17T08:23:40.442Z
C00934,Angela,Pollard,Joelborough,8015235657,Lifeguard,1975-05-12,2026-04-17T08:23:40.442Z
C00935,Derek,Bass,Mcdanielport,7485288175,Footballer,2002-05-16,2026-04-17T08:23:40.442Z
C00936,Jonathan,Thompson,West Johnnyberg,1953449276,Cameraman,1929-09-12,2026-04-17T08:23:40.442Z
C00937,Heather,Curry,West Tyler,5260031305,American Football Player,2003-03-14,2026-04-17T08:23:40.442Z
C00938,Cheryl,Cooper,Unknown,1209055433,Clown,1914-09-06,2026-04-17T08:23:40.442Z
C00939,Unknown,Alvarez,East Destiny,5058988088,Doorman,1934-03-04,2026-04-17T08:23:40.442Z
C00940,James,Clay,Smithborough,5381189558,Professor,1968-12-20,2026-04-17T08:23:40.442Z
C00941,Richard,Callahan,East Austin,298581512,Unknown,1929-02-08,2026-04-17T08:23:40.442Z
C00942,Richard,Campbell,Port Christine,4881095171,Foreman,1913-03-09,2026-04-17T08:23:40.442Z
C00943,Philip,Guerrero,Jonesbury,7118697028,Geisha,1956-12-11,2026-04-17T08:23:40.442Z
C00944,Sarah,Garcia,Unknown,6765324892,Journalist,1988-06-03,2026-04-17T08:23:40.442Z
C00945,Mary,Rodriguez,East Scott,1795039790,Gardener,1978-09-02,2026-04-17T08:23:40.442Z
C00946,Michelle,Lee,Lake Stacy,8732071657,Electrician,1983-07-12,2026-04-17T08:23:40.442Z
C00947,Darius,Unknown,Port Natashaview,8930451370,Businessman,1954-04-09,2026-04-17T08:23:40.442Z
C00948,Joel,Unknown,South Danielle,9555039300,Journalist,1900-01-01,2026-04-17T08:23:40.442Z
C00949,Tanner,Unknown,Jacobfurt,6070766052,Builder,1900-01-01,2026-04-17T08:23:40.442Z
C00950,Brenda,Ramirez,Cummingsfort,4342036418,Farmer,1948-04-04,2026-04-17T08:23:40.442Z
C00951,Stephanie,Adams,Andersonport,8026312760,Forest Ranger,2000-09-08,2026-04-17T08:23:40.442Z
C00952,Lori,Nguyen,Charlesshire,1961605322,Train Conductor,1966-03-11,2026-04-17T08:23:40.442Z
C00953,Christopher,Thomas,New Phillipport,2815605838,Diver,1973-02-21,2026-04-17T08:23:40.442Z
C00954,David,Young,Riversberg,5058988088,American Football Player,1947-06-06,2026-04-17T08:23:40.442Z
C00956,Daniel,Gonzales,Kiddshire,5293244928,Foreman,1940-10-05,2026-04-17T08:23:40.442Z
C00957,Kayla,Taylor,Holmesshire,3178955972,Soldier,1939-06-04,2026-04-17T08:23:40.442Z
C00958,Janice,Lucas,Tatemouth,5444056395,Builder,1991-05-29,2026-04-17T08:23:40.442Z
C00959,Brenda,Turner,Carrilloton,3676322698,Geisha,1977-07-18,2026-04-17T08:23:40.442Z
C00960,Unknown,Smith,Amberberg,8005475288,Journalist,1947-07-16,2026-04-17T08:23:40.442Z
C00961,Thomas,Stevens,West Sandraburgh,6114600817,Magician,1950-03-22,2026-04-17T08:23:40.442Z
C00962,Carl,Miller,Davidville,6143656433,Doorman,1931-10-08,2026-04-17T08:23:40.442Z
C00963,Kenneth,Alvarez,Hernandezstad,5922168246,Flight Attendant,1900-01-01,2026-04-17T08:23:40.442Z
C00964,Nathan,Unknown,East Virginia,5126616991,Photographer,1927-10-20,2026-04-17T08:23:40.442Z
C00965,Chelsea,Mcclure,Adrianview,4490876079,Detective,1930-07-13,2026-04-17T08:23:40.442Z
C00966,Unknown,Ferrell,Lake Rebekah,5058988088,Foreman,1900-01-01,2026-04-17T08:23:40.442Z
C00967,Lynn,Christian,West Denise,8580527356,Gardener,1983-03-26,2026-04-17T08:23:40.442Z
C00968,Amy,Bender,Hickstown,8118508451,Unknown,1900-01-01,2026-04-17T08:23:40.442Z
C00969,John,Johnson,North Michael,5058988088,Electrician,1923-08-11,2026-04-17T08:23:40.442Z
C00970,Christine,Adams,Unknown,5058988088,Mechanic,1931-06-20,2026-04-17T08:23:40.442Z
C00971,Justin,Riley,West Markmouth,3963583780,Secretary,1900-01-01,2026-04-17T08:23:40.442Z
C00972,Andrew,Unknown,Whiteland,2866601033,Train Conductor,1932-05-30,2026-04-17T08:23:40.442Z
C00973,Unknown,Wilson,Stefaniefort,1023620914,Flight Attendant,1959-07-13,2026-04-17T08:23:40.442Z
C00974,Jordan,Blair,Phamhaven,6605181613,Unknown,1942-04-27,2026-04-17T08:23:40.442Z
C00975,Laurie,Unknown,Grahamshire,4535299591,Flight Attendant,2001-04-02,2026-04-17T08:23:40.442Z
C00976,Unknown,Sloan,North Kimberly,484672769,Foreman,1940-12-30,2026-04-17T08:23:40.442Z
C00977,Danielle,Robles,East Lisamouth,5377907317,Forest Ranger,1940-07-31,2026-04-17T08:23:40.442Z
C00978,Jacob,Rosario,Lake Lydiaside,7292540021,Businessman,1991-09-08,2026-04-17T08:23:40.442Z
C00979,Jeremy,Jackson,Michaelberg,986895659,Forest Ranger,1932-01-26,2026-04-17T08:23:40.442Z
C00980,Meghan,Young,West Mindymouth,5607807410,Builder,1970-11-15,2026-04-17T08:23:40.442Z
C00981,Matthew,Perez,North Nicole,2355911423,Doctor,1988-07-13,2026-04-17T08:23:40.442Z
C00982,Thomas,Garcia,Port Paulview,5058988088,Librarian,1944-02-28,2026-04-17T08:23:40.442Z
C00983,Brandon,Unknown,New Sarahmouth,3063688514,Businessman,1982-10-11,2026-04-17T08:23:40.442Z
C00984,Cameron,Wagner,Sharonstad,5783860901,Flight Attendant,1966-02-12,2026-04-17T08:23:40.442Z
C00985,Dawn,Galloway,Julieport,2721697301,Journalist,1973-11-10,2026-04-17T08:23:40.442Z
C00986,Richard,Carr,West Amandamouth,5422723113,Paramedic,1996-05-11,2026-04-17T08:23:40.442Z
C00987,Tina,Stewart,Unknown,2230937975,Carpenter,1987-08-01,2026-04-17T08:23:40.442Z
C00988,Victor,Baird,Jonesville,3361350401,Carpenter,1961-06-11,2026-04-17T08:23:40.442Z
C00989,Jeremy,Brewer,Lloydbury,293308808,Student,1900-01-01,2026-04-17T08:23:40.442Z
C00990,Brenda,Young,Unknown,5058988088,Electrician,1953-02-01,2026-04-17T08:23:40.442Z
C00991,Ryan,Patrick,West Cheryl,2647393119,American Football Player,1929-12-24,2026-04-17T08:23:40.442Z
C00992,Allison,Gay,East William,2849598486,Foreman,1923-07-07,2026-04-17T08:23:40.442Z
C00993,Jeremy,Vaughn,West Gary,1934114923,Fireman,1900-01-01,2026-04-17T08:23:40.442Z
C00994,Lisa,Fuller,Palmerstad,7113841850,Train Conductor,1964-09-07,2026-04-17T08:23:40.442Z
C00995,Timothy,White,New Brianaburgh,7236953485,Priest,1900-01-01,2026-04-17T08:23:40.442Z
C00996,Jorge,Harrison,Cooperview,1221968905,Paramedic,1937-07-29,2026-04-17T08:23:40.442Z
C00997,Margaret,Lewis,Carrieville,5058988088,Surgeon,1993-02-12,2026-04-17T08:23:40.442Z
C00998,Jason,Jenkins,North Levistad,3155346038,Cameraman,1913-12-14,2026-04-17T08:23:40.442Z
C00999,Peter,Durham,West Bryanfurt,5217332573,Unknown,1977-12-15,2026-04-17T08:23:40.442Z
C01000,Samuel,Rose,West Roberto,4333591470,Unknown,1913-04-09,2026-04-17T08:23:40.442Z
